"año","distrito_id","Distrito","idAgrupacion","Agrupacion","color"
"2021","1","CIUDAD AUTÓNOMA DE BUENOS AIRES","187","AUTODETERMINACIÓN Y LIBERTAD","#4d2e6e"
"2021","1","CIUDAD AUTÓNOMA DE BUENOS AIRES","501","JUNTOS POR EL CAMBIO","#fcd200"
"2021","1","CIUDAD AUTÓNOMA DE BUENOS AIRES","502","FRENTE DE TODOS","#00a9e8"
"2021","1","CIUDAD AUTÓNOMA DE BUENOS AIRES","503","FRENTE DE IZQUIERDA Y DE TRABAJADORES - UNIDAD","#ab2828"
"2021","1","CIUDAD AUTÓNOMA DE BUENOS AIRES","504","LA LIBERTAD AVANZA","#704c9f"
"2021","2","BUENOS AIRES","106","HUMANISTA","#f65600"
"2021","2","BUENOS AIRES","112","UNION POR TODOS","#2272a8"
"2021","2","BUENOS AIRES","194","MOVIMIENTO VECINAL DEL PARTIDO DE TRES ARROYOS","#f7ed00"
"2021","2","BUENOS AIRES","2000","CONVOCACION CIVICA POR SAN ISIDRO","#0082ac"
"2021","2","BUENOS AIRES","258","CORRIENTE DE PENSAMIENTO BONAERENSE","#afd8eb"
"2021","2","BUENOS AIRES","27","UNION CELESTE Y BLANCO","#e72124"
"2021","2","BUENOS AIRES","312","FRENTE PATRIOTA","#53b2e0"
"2021","2","BUENOS AIRES","314","REPUBLICANO FEDERAL","#8eb7eb"
"2021","2","BUENOS AIRES","317","VOCACION SOCIAL","#54b6e5"
"2021","2","BUENOS AIRES","364","ACCION MARPLATENSE","#0060a3"
"2021","2","BUENOS AIRES","440","UNION VECINAL DE A. GONZALES CHAVES","#879c23"
"2021","2","BUENOS AIRES","484","NUEVA ALTERNATIVA CARMEÑA","#f56217"
"2021","2","BUENOS AIRES","501","+VALORES","#86b9e7"
"2021","2","BUENOS AIRES","503","AVANZA LIBERTAD","#3a3f92"
"2021","2","BUENOS AIRES","504","FRENTE DE IZQUIERDA Y DE TRABAJADORES - UNIDAD","#ab2828"
"2021","2","BUENOS AIRES","506","JUNTOS","#fcd200"
"2021","2","BUENOS AIRES","507","FRENTE DE TODOS","#00a9e8"
"2021","2","BUENOS AIRES","508","FRENTE VAMOS CON VOS","#15b587"
"2021","2","BUENOS AIRES","642","INTEGRACION CIUDADANA","#1e4a7f"
"2021","2","BUENOS AIRES","697","ACCION POR VILLARINO","#6bbb9f"
"2021","2","BUENOS AIRES","704","U. VECINAL DEL PARTIDO DE T. LAUQUEN","#951983"
"2021","2","BUENOS AIRES","774","VECINOS EN ACCION PINAMAR","#010101"
"2021","2","BUENOS AIRES","792","UNION VECINAL SALLIQUELO","#008039"
"2021","2","BUENOS AIRES","8","FEDERAL","#ca2c23"
"2021","2","BUENOS AIRES","809","BIEN COMUN POR ROSALES","#009f45"
"2021","2","BUENOS AIRES","826","MISION, ACCION COMPROMISO","#db7314"
"2021","2","BUENOS AIRES","831","JUNTOS POR CHASCOMUS","#8ad2e2"
"2021","2","BUENOS AIRES","858","TODOS POR SAAVEDRA","#83b44d"
"2021","2","BUENOS AIRES","859","BELGRANO PRIMERO","#38a9e1"
"2021","2","BUENOS AIRES","860","ENCUENTRO VECINAL EN ACCION","#1d9acf"
"2021","2","BUENOS AIRES","864","MOVIMIENTO ORGANIZACION DEMOCRATICA","#f3b202"
"2021","2","BUENOS AIRES","866","TODOS POR BAHIA","#419933"
"2021","2","BUENOS AIRES","868","AGRUPACION MUNICIPAL PRIMERO LOBOS","#1159a3"
"2021","2","BUENOS AIRES","869","AGRUPACION COMUNAL TRANSFORMADORA","#ff6703"
"2021","2","BUENOS AIRES","887","PODEMOS AZUL","#396baa"
"2021","2","BUENOS AIRES","888","UNIDAD Y ACCION POR MAR CHIQUITA","#5667f5"
"2021","2","BUENOS AIRES","895","NUEVA NECOCHEA","#633267"
"2021","2","BUENOS AIRES","896","INNOVAR BRAGADO","#003c6a"
"2021","2","BUENOS AIRES","897","UNIDOS POR PEHUAJO","#775b91"
"2021","2","BUENOS AIRES","898","ACCION VECINAL POR BRANDSEN","#ef107e"
"2021","2","BUENOS AIRES","900","ACCION POR TORNQUIST","#6bbb9f"
"2021","2","BUENOS AIRES","903","PRIMERO CHIVILCOY","#f1222e"
"2021","2","BUENOS AIRES","905","ACCION TANDILENSE","#93bf1f"
"2021","2","BUENOS AIRES","910","UNIDOS POR LA COSTA","#fad112"
"2021","2","BUENOS AIRES","911","PERONENSES PRIMERO","#53b8b4"
"2021","2","BUENOS AIRES","913","CREAR MAR DEL PLATA","#00afd9"
"2021","2","BUENOS AIRES","915","AC. VECINAL GRAL. VILLEGAS","#e81361"
"2021","2","BUENOS AIRES","917","UNIDOS PINAMAR","#009b33"
"2021","2","BUENOS AIRES","919","PRIMERO BOLIVAR","#ae01b5"
"2021","2","BUENOS AIRES","922","AGRUPACION VECINAL PUEBLA LA COSTA","#a33fc6"
"2021","2","BUENOS AIRES","927","PRIMERO DOLORES","#0061aa"
"2021","3","CATAMARCA","219","CORRIENTE DE PENSAMIENTO BONAERENSE","#3276b2"
"2021","3","CATAMARCA","403","SOMOS FRAY MAMERTO ESQUIÚ","#f67aa9"
"2021","3","CATAMARCA","406","UNIDOS POR SANTA ROSA","#ef571b"
"2021","3","CATAMARCA","501","FRENTE AMPLIO CATAMARQUEÑO","#189acf"
"2021","3","CATAMARCA","502","FRENTE DE TODOS","#00a9e8"
"2021","3","CATAMARCA","503","JUNTOS POR EL CAMBIO","#fcd200"
"2021","3","CATAMARCA","504","FRENTE DE IZQUIERDA Y DE TRABAJADORES - UNIDAD","#ab2828"
"2021","3","CATAMARCA","505","FRENTE UNIDOS POR SAN JOSE","#01702d"
"2021","3","CATAMARCA","506","CON VOS PODEMOS","#51b846"
"2021","3","CATAMARCA","508","PARTICIPACION POPULAR","#f06700"
"2021","4","CÓRDOBA","217","ENCUENTRO VECINAL CÓRDOBA","#f26b34"
"2021","4","CÓRDOBA","23","UNIÓN POPULAR FEDERAL","#ef4073"
"2021","4","CÓRDOBA","501","LA LIBERTAD AVANZA","#704c9f"
"2021","4","CÓRDOBA","502","HACEMOS POR CÓRDOBA","#0195d6"
"2021","4","CÓRDOBA","503","JUNTOS POR EL CAMBIO","#fcd200"
"2021","4","CÓRDOBA","504","FRENTE DE IZQUIERDA Y DE TRABAJADORES - UNIDAD","#ab2828"
"2021","4","CÓRDOBA","505","FRENTE DE TODOS","#00a9e8"
"2021","5","CORRIENTES","501","FRENTE DE TODOS","#00a9e8"
"2021","5","CORRIENTES","502","ECO + VAMOS CORRIENTES","#66ab3c"
"2021","5","CORRIENTES","503","VAMOS CON VOS","#15b587"
"2021","5","CORRIENTES","82","COMPROMISO FEDERAL","#2678b7"
"2021","6","CHACO","156","ACCION CHAQUEÑA","#f42362"
"2021","6","CHACO","201","FRENTE INTEGRADOR","#97152d"
"2021","6","CHACO","501","FRENTE DE TODOS","#00a9e8"
"2021","6","CHACO","503","CHACO CAMBIA + JUNTOS POR EL CAMBIO","#fcd200"
"2021","6","CHACO","504","FRENTE VAMOS CON VOS","#15b587"
"2021","6","CHACO","609","FRENTE POR LA EDUCACIÓN Y EL TRABAJO","#e5166f"
"2021","6","CHACO","610","FRENTE INTEGRADOR","#97152d"
"2021","6","CHACO","71","DEL OBRERO","#df3f3b"
"2021","7","CHUBUT","151","INDEPENDIENTE DEL CHUBUT","#288cb3"
"2021","7","CHUBUT","160","CHUBUT SOMOS TODOS","#009677"
"2021","7","CHUBUT","501","FRENTE DE TODOS","#00a9e8"
"2021","7","CHUBUT","503","JUNTOS POR EL CAMBIO CHUBUT","#fcd200"
"2021","7","CHUBUT","504","FRENTE DE IZQUIERDA Y DE TRABAJADORES - UNIDAD","#ab2828"
"2021","8","ENTRE RÍOS","186","CONSERVADOR POPULAR","#000677"
"2021","8","ENTRE RÍOS","194","MOVIMIENTO AL SOCIALISMO","#dc0c1a"
"2021","8","ENTRE RÍOS","50","SOCIALISTA","#dc0c1a"
"2021","8","ENTRE RÍOS","501","FRENTE DE TODOS","#00a9e8"
"2021","8","ENTRE RÍOS","502","JUNTOS POR ENTRE RÍOS","#fcd200"
"2021","8","ENTRE RÍOS","68","NUEVA IZQUIERDA","#ab2828"
"2021","8","ENTRE RÍOS","77","FE","#007dbd"
"2021","9","FORMOSA","212","PRINCIPIOS Y CONVICCIÓN","#2eb8d5"
"2021","9","FORMOSA","501","FRENTE DE TODOS","#00a9e8"
"2021","9","FORMOSA","502","JUNTOS POR FORMOSA LIBRE","#fcd200"
"2021","10","JUJUY","501","FRENTE DE TODOS","#00a9e8"
"2021","10","JUJUY","502","CAMBIA JUJUY","#bd3b8b"
"2021","10","JUJUY","503","FRENTE DE IZQUIERDA Y DE TRABAJADORES - UNIDAD","#ab2828"
"2021","11","LA PAMPA","200","MOVIMIENTO AL SOCIALISMO","#dc0c1a"
"2021","11","LA PAMPA","50","SOCIALISTA","#dc0c1a"
"2021","11","LA PAMPA","501","FRENTE DE TODOS","#00a9e8"
"2021","11","LA PAMPA","502","JUNTOS POR EL CAMBIO","#fcd200"
"2021","11","LA PAMPA","503","FRENTE DE IZQUIERDA Y DE TRABAJADORES - UNIDAD","#ab2828"
"2021","12","LA RIOJA","1482","UNIDOS POR MI GENTE","#00aae8"
"2021","12","LA RIOJA","1487","FRENTE DE IZQUIERDA Y DE TRABAJADORES - UNIDAD","#ab2828"
"2021","12","LA RIOJA","1488","CONVERGENCIA RIOJANA","#bd292c"
"2021","12","LA RIOJA","1489","INTEGRACIÓN Y ESPERANZA CIUDADANA","#0e78c3"
"2021","12","LA RIOJA","1492","FE - FRENTE DE LA ESPERANZA","#3ab7e1"
"2021","12","LA RIOJA","1493","FRENTE VECINALISTA DEL TERCER SECTOR","#e0730f"
"2021","12","LA RIOJA","1494","FRENTE DE TODOS","#00a9e8"
"2021","12","LA RIOJA","1495","UNIÓN DEL CENTRO DEMOCRÁTICO","#167a32"
"2021","12","LA RIOJA","1496","HAY FUTURO LA RIOJA","#e6497c"
"2021","12","LA RIOJA","1497","RIOJA SOLIDARIA","#0969b3"
"2021","12","LA RIOJA","1498","FROP","#003c8c"
"2021","12","LA RIOJA","1500","VAMOS LA RIOJA","#fcd200"
"2021","12","LA RIOJA","1503","MOVIMIENTO CIUDADANOS UNIDOS POR EL PUEBLO","#fadc14"
"2021","12","LA RIOJA","184","UNION DEL CENTRO DEMOCRATICO","#167a32"
"2021","12","LA RIOJA","501","UNIDOS","#fd384b"
"2021","12","LA RIOJA","502","VAMOS LA RIOJA","#fcd200"
"2021","12","LA RIOJA","503","FRENTE DE TODOS","#00a9e8"
"2021","12","LA RIOJA","504","FRENTE DE IZQUIERDA Y DE TRABAJADORES - UNIDAD","#ab2828"
"2021","13","MENDOZA","181","VERDE","#78a11d"
"2021","13","MENDOZA","321","NUEVOS RUMBOS","#e94d82"
"2021","13","MENDOZA","322","DE LOS JUBILADOS","#c1dced"
"2021","13","MENDOZA","501","FRENTE DE IZQUIERDA Y DE TRABAJADORES - UNIDAD","#ab2828"
"2021","13","MENDOZA","502","FRENTE DE TODOS","#00a9e8"
"2021","13","MENDOZA","503","CAMBIA MENDOZA","#901a7b"
"2021","13","MENDOZA","504","VAMOS ! MENDOCINOS","#c90311"
"2021","13","MENDOZA","8","FEDERAL","#c33330"
"2021","13","MENDOZA","82","COMPROMISO FEDERAL","#203e9b"
"2021","14","MISIONES","181","LIBERTAD, VALORES Y CAMBIO","#89af1d"
"2021","14","MISIONES","501","FRENTE JUNTOS POR EL CAMBIO","#fcd200"
"2021","14","MISIONES","502","FRENTE RENOVADOR DE LA CONCORDIA","#1e4a83"
"2021","14","MISIONES","503","FRENTE DE TODOS","#00a9e8"
"2021","14","MISIONES","71","DEL OBRERO","#df3f3b"
"2021","15","NEUQUÉN","151","MOVIMIENTO POPULAR NEUQUINO","#03a0e4"
"2021","15","NEUQUÉN","40","MOVIMIENTO LIBRES DEL SUR","#0267ad"
"2021","15","NEUQUÉN","47","COALICIÓN CÍVICA - AFIRMACIÓN PARA UNA REPÚBLICA IGUALITARIA (ARI)","#00678d"
"2021","15","NEUQUÉN","50","SOCIALISTA","#dc0c1a"
"2021","15","NEUQUÉN","501","FRENTE DE TODOS","#00a9e8"
"2021","15","NEUQUÉN","502","FRENTE DE IZQUIERDA Y DE TRABAJADORES - UNIDAD","#ab2828"
"2021","15","NEUQUÉN","503","CAMBIA NEUQUÉN","#fcd200"
"2021","16","RÍO NEGRO","165","MOVIMIENTO AL SOCIALISMO","#dc0c1a"
"2021","16","RÍO NEGRO","50","SOCIALISTA","#dc0c1a"
"2021","16","RÍO NEGRO","501","FRENTE DE TODOS","#00a9e8"
"2021","16","RÍO NEGRO","502","JUNTOS SOMOS RIO NEGRO","#45a53e"
"2021","16","RÍO NEGRO","503","FRENTE DE IZQUIERDA Y DE TRABAJADORES - UNIDAD","#ab2828"
"2021","16","RÍO NEGRO","504","JUNTOS POR EL CAMBIO","#fcd200"
"2021","17","SALTA","189","POLITICA OBRERA","#ab2828"
"2021","17","SALTA","227","FELICIDAD","#722a5a"
"2021","17","SALTA","501","JUNTOS POR EL CAMBIO +","#fcd200"
"2021","17","SALTA","502","FRENTE DE IZQUIERDA Y DE TRABAJADORES - UNIDAD","#ab2828"
"2021","17","SALTA","503","FRENTE SI + PRS","#000000"
"2021","17","SALTA","504","UNIDOS POR SALTA","#e62c36"
"2021","17","SALTA","505","FRENTE DE TODOS","#00a9e8"
"2021","18","SAN JUAN","501","JUNTOS POR EL CAMBIO","#fcd200"
"2021","18","SAN JUAN","502","CONSENSO ISCHIGUALASTO","#232a52"
"2021","18","SAN JUAN","503","FRENTE DE TODOS - TODOS SAN JUAN","#00a9e8"
"2021","18","SAN JUAN","504","FRENTE DE IZQUIERDA Y DE TRABAJADORES - UNIDAD","#ab2828"
"2021","19","SAN LUIS","209","TODOS UNIDOS","#9bc531"
"2021","19","SAN LUIS","3","UNIÓN CÍVICA RADICAL","#da0018"
"2021","19","SAN LUIS","501","FUERZA SAN LUIS","#00a7e1"
"2021","19","SAN LUIS","502","UNIDOS POR SAN LUIS","#5fade3"
"2021","19","SAN LUIS","503","FRENTE DE IZQUIERDA Y DE TRABAJADORES - UNIDAD","#ab2828"
"2021","20","SANTA CRUZ","172","MOVIMIENTO AL SOCIALISMO","#dc0c1a"
"2021","20","SANTA CRUZ","501","CAMBIA SANTA CRUZ","#fcd200"
"2021","20","SANTA CRUZ","502","FRENTE DE TODOS","#00a9e8"
"2021","20","SANTA CRUZ","503","FRENTE DE IZQUIERDA Y DE TRABAJADORES - UNIDAD","#ab2828"
"2021","21","SANTA FE","501","FRENTE AMPLIO PROGRESISTA","#f76300"
"2021","21","SANTA FE","502","FRENTE DE IZQUIERDA Y DE TRABAJADORES - UNIDAD","#ab2828"
"2021","21","SANTA FE","503","JUNTOS POR EL CAMBIO","#fcd200"
"2021","21","SANTA FE","504","PRIMERO SANTA FE","#096d9d"
"2021","21","SANTA FE","505","SOMOS FUTURO","#bb0e06"
"2021","21","SANTA FE","506","PODEMOS","#a7015c"
"2021","21","SANTA FE","507","SOBERANIA POPULAR","#248fc3"
"2021","21","SANTA FE","508","FRENTE DE TODOS","#00a9e8"
"2021","21","SANTA FE","87","UNITE POR LA LIBERTAD Y LA DIGNIDAD","#68bade"
"2021","22","SANTIAGO DEL ESTERO","10","FRENTE ENCUENTRO CIVICO POR SANTIAGO","#007ab2"
"2021","22","SANTIAGO DEL ESTERO","12","FRENTE CRECER","#095b97"
"2021","22","SANTIAGO DEL ESTERO","138","FRENTE DE IZQUIERDA Y DE TRABAJADORES UNIDAD","#ab2828"
"2021","22","SANTIAGO DEL ESTERO","2","FRENTE JUSTICIALISTA","#017ece"
"2021","22","SANTIAGO DEL ESTERO","211","POR UN SANTIAGO OBRERO","#ab2828"
"2021","22","SANTIAGO DEL ESTERO","25","PARTIDO PODEMOS","#27a4d9"
"2021","22","SANTIAGO DEL ESTERO","40","MOVIMIENTO LIBRES DEL SUR","#0267ad"
"2021","22","SANTIAGO DEL ESTERO","41","PARTIDO DE LA VICTORIA","#5bbdf1"
"2021","22","SANTIAGO DEL ESTERO","501","FRENTE CIVICO POR SANTIAGO","#0175b8"
"2021","22","SANTIAGO DEL ESTERO","502","FRENTE PATRIOTICO LABORISTA","#00216d"
"2021","22","SANTIAGO DEL ESTERO","503","FRENTE JUNTOS POR EL CAMBIO","#fcd200"
"2021","22","SANTIAGO DEL ESTERO","505","FRENTE RENOVADOR Y PROGRESISTA","#103a66"
"2021","22","SANTIAGO DEL ESTERO","86","FRENTE RENOVADOR","#103a66"
"2021","22","SANTIAGO DEL ESTERO","87","UNITE POR LA LIBERTAD Y LA DIGNIDAD","#68bade"
"2021","22","SANTIAGO DEL ESTERO","88","FRENTE CRUZADA SANTIAGUEÑA","#51bae7"
"2021","23","TUCUMÁN","181","FUERZA REPUBLICANA","#015aaa"
"2021","23","TUCUMÁN","501","FRENTE DE TODOS","#00a9e8"
"2021","23","TUCUMÁN","502","JUNTOS POR EL CAMBIO JXC","#fcd200"
"2021","23","TUCUMÁN","503","FRENTE DE IZQUIERDA Y DE TRABAJADORES - UNIDAD","#ab2828"
"2021","23","TUCUMÁN","504","FRENTE AMPLIO POR TUCUMÁN","#07396c"
"2021","24","TIERRA DEL FUEGO","154","MOVIMIENTO POPULAR FUEGUINO","#f48534"
"2021","24","TIERRA DEL FUEGO","167","SOMOS FUEGUINOS","#a44485"
"2021","24","TIERRA DEL FUEGO","212","REPUBLICANOS UNIDOS","#631e77"
"2021","24","TIERRA DEL FUEGO","214","MOVIMIENTO AL SOCIALISMO","#dc0c1a"
"2021","24","TIERRA DEL FUEGO","501","FRENTE DE TODOS","#00a9e8"
"2021","24","TIERRA DEL FUEGO","502","JUNTOS POR EL CAMBIO TIERRA DEL FUEGO","#fcd200"
"2021","24","TIERRA DEL FUEGO","89","OBRERO","#ab2828"
"2021","0","ARGENTINA","187","AUTODETERMINACIÓN Y LIBERTAD","#4d2e6e"
"2021","0","ARGENTINA","501","JUNTOS POR EL CAMBIO","#fcd200"
"2021","0","ARGENTINA","502","FRENTE DE TODOS","#00a9e8"
"2021","0","ARGENTINA","503","FRENTE DE IZQUIERDA Y DE TRABAJADORES - UNIDAD","#ab2828"
"2021","0","ARGENTINA","504","LA LIBERTAD AVANZA","#704c9f"
"2021","0","ARGENTINA","106","HUMANISTA","#f65600"
"2021","0","ARGENTINA","112","UNION POR TODOS","#2272a8"
"2021","0","ARGENTINA","194","MOVIMIENTO VECINAL DEL PARTIDO DE TRES ARROYOS","#f7ed00"
"2021","0","ARGENTINA","2000","CONVOCACION CIVICA POR SAN ISIDRO","#0082ac"
"2021","0","ARGENTINA","258","CORRIENTE DE PENSAMIENTO BONAERENSE","#afd8eb"
"2021","0","ARGENTINA","27","UNION CELESTE Y BLANCO","#e72124"
"2021","0","ARGENTINA","312","FRENTE PATRIOTA","#53b2e0"
"2021","0","ARGENTINA","314","REPUBLICANO FEDERAL","#8eb7eb"
"2021","0","ARGENTINA","317","VOCACION SOCIAL","#54b6e5"
"2021","0","ARGENTINA","364","ACCION MARPLATENSE","#0060a3"
"2021","0","ARGENTINA","440","UNION VECINAL DE A. GONZALES CHAVES","#879c23"
"2021","0","ARGENTINA","484","NUEVA ALTERNATIVA CARMEÑA","#f56217"
"2021","0","ARGENTINA","501","+VALORES","#86b9e7"
"2021","0","ARGENTINA","503","AVANZA LIBERTAD","#3a3f92"
"2021","0","ARGENTINA","504","FRENTE DE IZQUIERDA Y DE TRABAJADORES - UNIDAD","#ab2828"
"2021","0","ARGENTINA","506","JUNTOS","#fcd200"
"2021","0","ARGENTINA","507","FRENTE DE TODOS","#00a9e8"
"2021","0","ARGENTINA","508","FRENTE VAMOS CON VOS","#15b587"
"2021","0","ARGENTINA","642","INTEGRACION CIUDADANA","#1e4a7f"
"2021","0","ARGENTINA","697","ACCION POR VILLARINO","#6bbb9f"
"2021","0","ARGENTINA","704","U. VECINAL DEL PARTIDO DE T. LAUQUEN","#951983"
"2021","0","ARGENTINA","774","VECINOS EN ACCION PINAMAR","#010101"
"2021","0","ARGENTINA","792","UNION VECINAL SALLIQUELO","#008039"
"2021","0","ARGENTINA","8","FEDERAL","#ca2c23"
"2021","0","ARGENTINA","809","BIEN COMUN POR ROSALES","#009f45"
"2021","0","ARGENTINA","826","MISION, ACCION COMPROMISO","#db7314"
"2021","0","ARGENTINA","831","JUNTOS POR CHASCOMUS","#8ad2e2"
"2021","0","ARGENTINA","858","TODOS POR SAAVEDRA","#83b44d"
"2021","0","ARGENTINA","859","BELGRANO PRIMERO","#38a9e1"
"2021","0","ARGENTINA","860","ENCUENTRO VECINAL EN ACCION","#1d9acf"
"2021","0","ARGENTINA","864","MOVIMIENTO ORGANIZACION DEMOCRATICA","#f3b202"
"2021","0","ARGENTINA","866","TODOS POR BAHIA","#419933"
"2021","0","ARGENTINA","868","AGRUPACION MUNICIPAL PRIMERO LOBOS","#1159a3"
"2021","0","ARGENTINA","869","AGRUPACION COMUNAL TRANSFORMADORA","#ff6703"
"2021","0","ARGENTINA","887","PODEMOS AZUL","#396baa"
"2021","0","ARGENTINA","888","UNIDAD Y ACCION POR MAR CHIQUITA","#5667f5"
"2021","0","ARGENTINA","895","NUEVA NECOCHEA","#633267"
"2021","0","ARGENTINA","896","INNOVAR BRAGADO","#003c6a"
"2021","0","ARGENTINA","897","UNIDOS POR PEHUAJO","#775b91"
"2021","0","ARGENTINA","898","ACCION VECINAL POR BRANDSEN","#ef107e"
"2021","0","ARGENTINA","900","ACCION POR TORNQUIST","#6bbb9f"
"2021","0","ARGENTINA","903","PRIMERO CHIVILCOY","#f1222e"
"2021","0","ARGENTINA","905","ACCION TANDILENSE","#93bf1f"
"2021","0","ARGENTINA","910","UNIDOS POR LA COSTA","#fad112"
"2021","0","ARGENTINA","911","PERONENSES PRIMERO","#53b8b4"
"2021","0","ARGENTINA","913","CREAR MAR DEL PLATA","#00afd9"
"2021","0","ARGENTINA","915","AC. VECINAL GRAL. VILLEGAS","#e81361"
"2021","0","ARGENTINA","917","UNIDOS PINAMAR","#009b33"
"2021","0","ARGENTINA","919","PRIMERO BOLIVAR","#ae01b5"
"2021","0","ARGENTINA","922","AGRUPACION VECINAL PUEBLA LA COSTA","#a33fc6"
"2021","0","ARGENTINA","927","PRIMERO DOLORES","#0061aa"
"2021","0","ARGENTINA","219","CORRIENTE DE PENSAMIENTO BONAERENSE","#3276b2"
"2021","0","ARGENTINA","403","SOMOS FRAY MAMERTO ESQUIÚ","#f67aa9"
"2021","0","ARGENTINA","406","UNIDOS POR SANTA ROSA","#ef571b"
"2021","0","ARGENTINA","501","FRENTE AMPLIO CATAMARQUEÑO","#189acf"
"2021","0","ARGENTINA","502","FRENTE DE TODOS","#00a9e8"
"2021","0","ARGENTINA","503","JUNTOS POR EL CAMBIO","#fcd200"
"2021","0","ARGENTINA","504","FRENTE DE IZQUIERDA Y DE TRABAJADORES - UNIDAD","#ab2828"
"2021","0","ARGENTINA","505","FRENTE UNIDOS POR SAN JOSE","#01702d"
"2021","0","ARGENTINA","506","CON VOS PODEMOS","#51b846"
"2021","0","ARGENTINA","508","PARTICIPACION POPULAR","#f06700"
"2021","0","ARGENTINA","217","ENCUENTRO VECINAL CÓRDOBA","#f26b34"
"2021","0","ARGENTINA","23","UNIÓN POPULAR FEDERAL","#ef4073"
"2021","0","ARGENTINA","501","LA LIBERTAD AVANZA","#704c9f"
"2021","0","ARGENTINA","502","HACEMOS POR CÓRDOBA","#0195d6"
"2021","0","ARGENTINA","503","JUNTOS POR EL CAMBIO","#fcd200"
"2021","0","ARGENTINA","504","FRENTE DE IZQUIERDA Y DE TRABAJADORES - UNIDAD","#ab2828"
"2021","0","ARGENTINA","505","FRENTE DE TODOS","#00a9e8"
"2021","0","ARGENTINA","501","FRENTE DE TODOS","#00a9e8"
"2021","0","ARGENTINA","502","ECO + VAMOS CORRIENTES","#66ab3c"
"2021","0","ARGENTINA","503","VAMOS CON VOS","#15b587"
"2021","0","ARGENTINA","82","COMPROMISO FEDERAL","#2678b7"
"2021","0","ARGENTINA","156","ACCION CHAQUEÑA","#f42362"
"2021","0","ARGENTINA","201","FRENTE INTEGRADOR","#97152d"
"2021","0","ARGENTINA","501","FRENTE DE TODOS","#00a9e8"
"2021","0","ARGENTINA","503","CHACO CAMBIA + JUNTOS POR EL CAMBIO","#fcd200"
"2021","0","ARGENTINA","504","FRENTE VAMOS CON VOS","#15b587"
"2021","0","ARGENTINA","609","FRENTE POR LA EDUCACIÓN Y EL TRABAJO","#e5166f"
"2021","0","ARGENTINA","610","FRENTE INTEGRADOR","#97152d"
"2021","0","ARGENTINA","71","DEL OBRERO","#df3f3b"
"2021","0","ARGENTINA","151","INDEPENDIENTE DEL CHUBUT","#288cb3"
"2021","0","ARGENTINA","160","CHUBUT SOMOS TODOS","#009677"
"2021","0","ARGENTINA","501","FRENTE DE TODOS","#00a9e8"
"2021","0","ARGENTINA","503","JUNTOS POR EL CAMBIO CHUBUT","#fcd200"
"2021","0","ARGENTINA","504","FRENTE DE IZQUIERDA Y DE TRABAJADORES - UNIDAD","#ab2828"
"2021","0","ARGENTINA","186","CONSERVADOR POPULAR","#000677"
"2021","0","ARGENTINA","194","MOVIMIENTO AL SOCIALISMO","#dc0c1a"
"2021","0","ARGENTINA","50","SOCIALISTA","#dc0c1a"
"2021","0","ARGENTINA","501","FRENTE DE TODOS","#00a9e8"
"2021","0","ARGENTINA","502","JUNTOS POR ENTRE RÍOS","#fcd200"
"2021","0","ARGENTINA","68","NUEVA IZQUIERDA","#ab2828"
"2021","0","ARGENTINA","77","FE","#007dbd"
"2021","0","ARGENTINA","212","PRINCIPIOS Y CONVICCIÓN","#2eb8d5"
"2021","0","ARGENTINA","501","FRENTE DE TODOS","#00a9e8"
"2021","0","ARGENTINA","502","JUNTOS POR FORMOSA LIBRE","#fcd200"
"2021","0","ARGENTINA","501","FRENTE DE TODOS","#00a9e8"
"2021","0","ARGENTINA","502","CAMBIA JUJUY","#bd3b8b"
"2021","0","ARGENTINA","503","FRENTE DE IZQUIERDA Y DE TRABAJADORES - UNIDAD","#ab2828"
"2021","0","ARGENTINA","200","MOVIMIENTO AL SOCIALISMO","#dc0c1a"
"2021","0","ARGENTINA","50","SOCIALISTA","#dc0c1a"
"2021","0","ARGENTINA","501","FRENTE DE TODOS","#00a9e8"
"2021","0","ARGENTINA","502","JUNTOS POR EL CAMBIO","#fcd200"
"2021","0","ARGENTINA","503","FRENTE DE IZQUIERDA Y DE TRABAJADORES - UNIDAD","#ab2828"
"2021","0","ARGENTINA","1482","UNIDOS POR MI GENTE","#00aae8"
"2021","0","ARGENTINA","1487","FRENTE DE IZQUIERDA Y DE TRABAJADORES - UNIDAD","#ab2828"
"2021","0","ARGENTINA","1488","CONVERGENCIA RIOJANA","#bd292c"
"2021","0","ARGENTINA","1489","INTEGRACIÓN Y ESPERANZA CIUDADANA","#0e78c3"
"2021","0","ARGENTINA","1492","FE - FRENTE DE LA ESPERANZA","#3ab7e1"
"2021","0","ARGENTINA","1493","FRENTE VECINALISTA DEL TERCER SECTOR","#e0730f"
"2021","0","ARGENTINA","1494","FRENTE DE TODOS","#00a9e8"
"2021","0","ARGENTINA","1495","UNIÓN DEL CENTRO DEMOCRÁTICO","#167a32"
"2021","0","ARGENTINA","1496","HAY FUTURO LA RIOJA","#e6497c"
"2021","0","ARGENTINA","1497","RIOJA SOLIDARIA","#0969b3"
"2021","0","ARGENTINA","1498","FROP","#003c8c"
"2021","0","ARGENTINA","1500","VAMOS LA RIOJA","#fcd200"
"2021","0","ARGENTINA","1503","MOVIMIENTO CIUDADANOS UNIDOS POR EL PUEBLO","#fadc14"
"2021","0","ARGENTINA","184","UNION DEL CENTRO DEMOCRATICO","#167a32"
"2021","0","ARGENTINA","501","UNIDOS","#fd384b"
"2021","0","ARGENTINA","502","VAMOS LA RIOJA","#fcd200"
"2021","0","ARGENTINA","503","FRENTE DE TODOS","#00a9e8"
"2021","0","ARGENTINA","504","FRENTE DE IZQUIERDA Y DE TRABAJADORES - UNIDAD","#ab2828"
"2021","0","ARGENTINA","181","VERDE","#78a11d"
"2021","0","ARGENTINA","321","NUEVOS RUMBOS","#e94d82"
"2021","0","ARGENTINA","322","DE LOS JUBILADOS","#c1dced"
"2021","0","ARGENTINA","501","FRENTE DE IZQUIERDA Y DE TRABAJADORES - UNIDAD","#ab2828"
"2021","0","ARGENTINA","502","FRENTE DE TODOS","#00a9e8"
"2021","0","ARGENTINA","503","CAMBIA MENDOZA","#901a7b"
"2021","0","ARGENTINA","504","VAMOS ! MENDOCINOS","#c90311"
"2021","0","ARGENTINA","8","FEDERAL","#c33330"
"2021","0","ARGENTINA","82","COMPROMISO FEDERAL","#203e9b"
"2021","0","ARGENTINA","181","LIBERTAD, VALORES Y CAMBIO","#89af1d"
"2021","0","ARGENTINA","501","FRENTE JUNTOS POR EL CAMBIO","#fcd200"
"2021","0","ARGENTINA","502","FRENTE RENOVADOR DE LA CONCORDIA","#1e4a83"
"2021","0","ARGENTINA","503","FRENTE DE TODOS","#00a9e8"
"2021","0","ARGENTINA","71","DEL OBRERO","#df3f3b"
"2021","0","ARGENTINA","151","MOVIMIENTO POPULAR NEUQUINO","#03a0e4"
"2021","0","ARGENTINA","40","MOVIMIENTO LIBRES DEL SUR","#0267ad"
"2021","0","ARGENTINA","47","COALICIÓN CÍVICA - AFIRMACIÓN PARA UNA REPÚBLICA IGUALITARIA (ARI)","#00678d"
"2021","0","ARGENTINA","50","SOCIALISTA","#dc0c1a"
"2021","0","ARGENTINA","501","FRENTE DE TODOS","#00a9e8"
"2021","0","ARGENTINA","502","FRENTE DE IZQUIERDA Y DE TRABAJADORES - UNIDAD","#ab2828"
"2021","0","ARGENTINA","503","CAMBIA NEUQUÉN","#fcd200"
"2021","0","ARGENTINA","165","MOVIMIENTO AL SOCIALISMO","#dc0c1a"
"2021","0","ARGENTINA","50","SOCIALISTA","#dc0c1a"
"2021","0","ARGENTINA","501","FRENTE DE TODOS","#00a9e8"
"2021","0","ARGENTINA","502","JUNTOS SOMOS RIO NEGRO","#45a53e"
"2021","0","ARGENTINA","503","FRENTE DE IZQUIERDA Y DE TRABAJADORES - UNIDAD","#ab2828"
"2021","0","ARGENTINA","504","JUNTOS POR EL CAMBIO","#fcd200"
"2021","0","ARGENTINA","189","POLITICA OBRERA","#ab2828"
"2021","0","ARGENTINA","227","FELICIDAD","#722a5a"
"2021","0","ARGENTINA","501","JUNTOS POR EL CAMBIO +","#fcd200"
"2021","0","ARGENTINA","502","FRENTE DE IZQUIERDA Y DE TRABAJADORES - UNIDAD","#ab2828"
"2021","0","ARGENTINA","503","FRENTE SI + PRS","#000000"
"2021","0","ARGENTINA","504","UNIDOS POR SALTA","#e62c36"
"2021","0","ARGENTINA","505","FRENTE DE TODOS","#00a9e8"
"2021","0","ARGENTINA","501","JUNTOS POR EL CAMBIO","#fcd200"
"2021","0","ARGENTINA","502","CONSENSO ISCHIGUALASTO","#232a52"
"2021","0","ARGENTINA","503","FRENTE DE TODOS - TODOS SAN JUAN","#00a9e8"
"2021","0","ARGENTINA","504","FRENTE DE IZQUIERDA Y DE TRABAJADORES - UNIDAD","#ab2828"
"2021","0","ARGENTINA","209","TODOS UNIDOS","#9bc531"
"2021","0","ARGENTINA","3","UNIÓN CÍVICA RADICAL","#da0018"
"2021","0","ARGENTINA","501","FUERZA SAN LUIS","#00a7e1"
"2021","0","ARGENTINA","502","UNIDOS POR SAN LUIS","#5fade3"
"2021","0","ARGENTINA","503","FRENTE DE IZQUIERDA Y DE TRABAJADORES - UNIDAD","#ab2828"
"2021","0","ARGENTINA","172","MOVIMIENTO AL SOCIALISMO","#dc0c1a"
"2021","0","ARGENTINA","501","CAMBIA SANTA CRUZ","#fcd200"
"2021","0","ARGENTINA","502","FRENTE DE TODOS","#00a9e8"
"2021","0","ARGENTINA","503","FRENTE DE IZQUIERDA Y DE TRABAJADORES - UNIDAD","#ab2828"
"2021","0","ARGENTINA","501","FRENTE AMPLIO PROGRESISTA","#f76300"
"2021","0","ARGENTINA","502","FRENTE DE IZQUIERDA Y DE TRABAJADORES - UNIDAD","#ab2828"
"2021","0","ARGENTINA","503","JUNTOS POR EL CAMBIO","#fcd200"
"2021","0","ARGENTINA","504","PRIMERO SANTA FE","#096d9d"
"2021","0","ARGENTINA","505","SOMOS FUTURO","#bb0e06"
"2021","0","ARGENTINA","506","PODEMOS","#a7015c"
"2021","0","ARGENTINA","507","SOBERANIA POPULAR","#248fc3"
"2021","0","ARGENTINA","508","FRENTE DE TODOS","#00a9e8"
"2021","0","ARGENTINA","87","UNITE POR LA LIBERTAD Y LA DIGNIDAD","#68bade"
"2021","0","ARGENTINA","10","FRENTE ENCUENTRO CIVICO POR SANTIAGO","#007ab2"
"2021","0","ARGENTINA","12","FRENTE CRECER","#095b97"
"2021","0","ARGENTINA","138","FRENTE DE IZQUIERDA Y DE TRABAJADORES UNIDAD","#ab2828"
"2021","0","ARGENTINA","2","FRENTE JUSTICIALISTA","#017ece"
"2021","0","ARGENTINA","211","POR UN SANTIAGO OBRERO","#ab2828"
"2021","0","ARGENTINA","25","PARTIDO PODEMOS","#27a4d9"
"2021","0","ARGENTINA","40","MOVIMIENTO LIBRES DEL SUR","#0267ad"
"2021","0","ARGENTINA","41","PARTIDO DE LA VICTORIA","#5bbdf1"
"2021","0","ARGENTINA","501","FRENTE CIVICO POR SANTIAGO","#0175b8"
"2021","0","ARGENTINA","502","FRENTE PATRIOTICO LABORISTA","#00216d"
"2021","0","ARGENTINA","503","FRENTE JUNTOS POR EL CAMBIO","#fcd200"
"2021","0","ARGENTINA","505","FRENTE RENOVADOR Y PROGRESISTA","#103a66"
"2021","0","ARGENTINA","86","FRENTE RENOVADOR","#103a66"
"2021","0","ARGENTINA","87","UNITE POR LA LIBERTAD Y LA DIGNIDAD","#68bade"
"2021","0","ARGENTINA","88","FRENTE CRUZADA SANTIAGUEÑA","#51bae7"
"2021","0","ARGENTINA","181","FUERZA REPUBLICANA","#015aaa"
"2021","0","ARGENTINA","501","FRENTE DE TODOS","#00a9e8"
"2021","0","ARGENTINA","502","JUNTOS POR EL CAMBIO JXC","#fcd200"
"2021","0","ARGENTINA","503","FRENTE DE IZQUIERDA Y DE TRABAJADORES - UNIDAD","#ab2828"
"2021","0","ARGENTINA","504","FRENTE AMPLIO POR TUCUMÁN","#07396c"
"2021","0","ARGENTINA","154","MOVIMIENTO POPULAR FUEGUINO","#f48534"
"2021","0","ARGENTINA","167","SOMOS FUEGUINOS","#a44485"
"2021","0","ARGENTINA","212","REPUBLICANOS UNIDOS","#631e77"
"2021","0","ARGENTINA","214","MOVIMIENTO AL SOCIALISMO","#dc0c1a"
"2021","0","ARGENTINA","501","FRENTE DE TODOS","#00a9e8"
"2021","0","ARGENTINA","502","JUNTOS POR EL CAMBIO TIERRA DEL FUEGO","#fcd200"
"2021","0","ARGENTINA","89","OBRERO","#ab2828"
