"año","distrito_id","distrito_nombre","seccionprovincial_id","seccionprovincial_nombre","seccion_id","seccion_nombre"
"2019","1","CIUDAD AUTÓNOMA DE BUENOS AIRES","0","","1","Comuna 01"
"2019","1","CIUDAD AUTÓNOMA DE BUENOS AIRES","0","","2","Comuna 02"
"2019","1","CIUDAD AUTÓNOMA DE BUENOS AIRES","0","","3","Comuna 03"
"2019","1","CIUDAD AUTÓNOMA DE BUENOS AIRES","0","","4","Comuna 04"
"2019","1","CIUDAD AUTÓNOMA DE BUENOS AIRES","0","","5","Comuna 05"
"2019","1","CIUDAD AUTÓNOMA DE BUENOS AIRES","0","","6","Comuna 06"
"2019","1","CIUDAD AUTÓNOMA DE BUENOS AIRES","0","","7","Comuna 07"
"2019","1","CIUDAD AUTÓNOMA DE BUENOS AIRES","0","","8","Comuna 08"
"2019","1","CIUDAD AUTÓNOMA DE BUENOS AIRES","0","","9","Comuna 09"
"2019","1","CIUDAD AUTÓNOMA DE BUENOS AIRES","0","","10","Comuna 10"
"2019","1","CIUDAD AUTÓNOMA DE BUENOS AIRES","0","","11","Comuna 11"
"2019","1","CIUDAD AUTÓNOMA DE BUENOS AIRES","0","","12","Comuna 12"
"2019","1","CIUDAD AUTÓNOMA DE BUENOS AIRES","0","","13","Comuna 13"
"2019","1","CIUDAD AUTÓNOMA DE BUENOS AIRES","0","","14","Comuna 14"
"2019","1","CIUDAD AUTÓNOMA DE BUENOS AIRES","0","","15","Comuna 15"
"2019","2","BUENOS AIRES","1","Primera Sección","16","Campana"
"2019","2","BUENOS AIRES","1","Primera Sección","35","Escobar"
"2019","2","BUENOS AIRES","1","Primera Sección","45","General Las Heras"
"2019","2","BUENOS AIRES","1","Primera Sección","51","General Rodríguez"
"2019","2","BUENOS AIRES","1","Primera Sección","52","General San Martín"
"2019","2","BUENOS AIRES","1","Primera Sección","53","San Miguel"
"2019","2","BUENOS AIRES","1","Primera Sección","71","Luján"
"2019","2","BUENOS AIRES","1","Primera Sección","75","Marcos Paz"
"2019","2","BUENOS AIRES","1","Primera Sección","76","Mercedes"
"2019","2","BUENOS AIRES","1","Primera Sección","77","Merlo"
"2019","2","BUENOS AIRES","1","Primera Sección","79","Moreno"
"2019","2","BUENOS AIRES","1","Primera Sección","80","Morón"
"2019","2","BUENOS AIRES","1","Primera Sección","81","Navarro"
"2019","2","BUENOS AIRES","1","Primera Sección","89","Pilar"
"2019","2","BUENOS AIRES","1","Primera Sección","105","San Fernando"
"2019","2","BUENOS AIRES","1","Primera Sección","106","San Isidro"
"2019","2","BUENOS AIRES","1","Primera Sección","110","Suipacha"
"2019","2","BUENOS AIRES","1","Primera Sección","113","Tigre"
"2019","2","BUENOS AIRES","1","Primera Sección","118","Tres de Febrero"
"2019","2","BUENOS AIRES","1","Primera Sección","122","Vicente López"
"2019","2","BUENOS AIRES","1","Primera Sección","129","José C. Paz"
"2019","2","BUENOS AIRES","1","Primera Sección","130","Malvinas Argentinas"
"2019","2","BUENOS AIRES","1","Primera Sección","133","Ituzaingó"
"2019","2","BUENOS AIRES","1","Primera Sección","134","Hurlingham"
"2019","2","BUENOS AIRES","2","Segunda Sección","9","Baradero"
"2019","2","BUENOS AIRES","2","Segunda Sección","10","Arrecifes"
"2019","2","BUENOS AIRES","2","Segunda Sección","18","Capitán Sarmiento"
"2019","2","BUENOS AIRES","2","Segunda Sección","21","Carmen de Areco"
"2019","2","BUENOS AIRES","2","Segunda Sección","24","Colón"
"2019","2","BUENOS AIRES","2","Segunda Sección","37","Exaltación de la Cruz"
"2019","2","BUENOS AIRES","2","Segunda Sección","87","Pergamino"
"2019","2","BUENOS AIRES","2","Segunda Sección","93","Ramallo"
"2019","2","BUENOS AIRES","2","Segunda Sección","96","Rojas"
"2019","2","BUENOS AIRES","2","Segunda Sección","101","Salto"
"2019","2","BUENOS AIRES","2","Segunda Sección","102","San Andrés de Giles"
"2019","2","BUENOS AIRES","2","Segunda Sección","103","San Antonio de Areco"
"2019","2","BUENOS AIRES","2","Segunda Sección","107","San Nicolás"
"2019","2","BUENOS AIRES","2","Segunda Sección","108","San Pedro"
"2019","2","BUENOS AIRES","2","Segunda Sección","125","Zárate"
"2019","2","BUENOS AIRES","3","Tercera Sección","3","Almirante Brown"
"2019","2","BUENOS AIRES","3","Tercera Sección","4","Avellaneda"
"2019","2","BUENOS AIRES","3","Tercera Sección","11","Berazategui"
"2019","2","BUENOS AIRES","3","Tercera Sección","12","Berisso"
"2019","2","BUENOS AIRES","3","Tercera Sección","15","Brandsen"
"2019","2","BUENOS AIRES","3","Tercera Sección","17","Cañuelas"
"2019","2","BUENOS AIRES","3","Tercera Sección","34","Ensenada"
"2019","2","BUENOS AIRES","3","Tercera Sección","36","Esteban Echeverría"
"2019","2","BUENOS AIRES","3","Tercera Sección","38","Florencio Varela"
"2019","2","BUENOS AIRES","3","Tercera Sección","61","La Matanza"
"2019","2","BUENOS AIRES","3","Tercera Sección","62","Lanús"
"2019","2","BUENOS AIRES","3","Tercera Sección","69","Lobos"
"2019","2","BUENOS AIRES","3","Tercera Sección","70","Lomas de Zamora"
"2019","2","BUENOS AIRES","3","Tercera Sección","72","Magdalena"
"2019","2","BUENOS AIRES","3","Tercera Sección","92","Quilmes"
"2019","2","BUENOS AIRES","3","Tercera Sección","109","San Vicente"
"2019","2","BUENOS AIRES","3","Tercera Sección","128","Presidente Perón"
"2019","2","BUENOS AIRES","3","Tercera Sección","131","Punta Indio"
"2019","2","BUENOS AIRES","3","Tercera Sección","132","Ezeiza"
"2019","2","BUENOS AIRES","4","Cuarta Sección","2","Alberti"
"2019","2","BUENOS AIRES","4","Cuarta Sección","14","Bragado"
"2019","2","BUENOS AIRES","4","Cuarta Sección","19","Carlos Casares"
"2019","2","BUENOS AIRES","4","Cuarta Sección","20","Carlos Tejedor"
"2019","2","BUENOS AIRES","4","Cuarta Sección","29","Chacabuco"
"2019","2","BUENOS AIRES","4","Cuarta Sección","31","Chivilcoy"
"2019","2","BUENOS AIRES","4","Cuarta Sección","41","General Arenales"
"2019","2","BUENOS AIRES","4","Cuarta Sección","49","General Pinto"
"2019","2","BUENOS AIRES","4","Cuarta Sección","54","General Viamonte"
"2019","2","BUENOS AIRES","4","Cuarta Sección","55","General Villegas"
"2019","2","BUENOS AIRES","4","Cuarta Sección","58","Hipólito Yrigoyen"
"2019","2","BUENOS AIRES","4","Cuarta Sección","60","Junín"
"2019","2","BUENOS AIRES","4","Cuarta Sección","66","Leandro N. Alem"
"2019","2","BUENOS AIRES","4","Cuarta Sección","67","Lincoln"
"2019","2","BUENOS AIRES","4","Cuarta Sección","83","Nueve de Julio"
"2019","2","BUENOS AIRES","4","Cuarta Sección","85","Pehuajó"
"2019","2","BUENOS AIRES","4","Cuarta Sección","95","Rivadavia"
"2019","2","BUENOS AIRES","4","Cuarta Sección","115","Trenque Lauquen"
"2019","2","BUENOS AIRES","4","Cuarta Sección","127","Florentino Ameghino"
"2019","2","BUENOS AIRES","5","Quinta Sección","5","Ayacucho"
"2019","2","BUENOS AIRES","5","Quinta Sección","8","Balcarce"
"2019","2","BUENOS AIRES","5","Quinta Sección","23","Castelli"
"2019","2","BUENOS AIRES","5","Quinta Sección","30","Chascomús"
"2019","2","BUENOS AIRES","5","Quinta Sección","33","Dolores"
"2019","2","BUENOS AIRES","5","Quinta Sección","39","General Alvarado"
"2019","2","BUENOS AIRES","5","Quinta Sección","42","General Belgrano"
"2019","2","BUENOS AIRES","5","Quinta Sección","43","General Guido"
"2019","2","BUENOS AIRES","5","Quinta Sección","46","General Lavalle"
"2019","2","BUENOS AIRES","5","Quinta Sección","47","General Madariaga"
"2019","2","BUENOS AIRES","5","Quinta Sección","48","General Paz"
"2019","2","BUENOS AIRES","5","Quinta Sección","50","General Pueyrredón"
"2019","2","BUENOS AIRES","5","Quinta Sección","65","Las Flores"
"2019","2","BUENOS AIRES","5","Quinta Sección","68","Lobería"
"2019","2","BUENOS AIRES","5","Quinta Sección","73","Maipú"
"2019","2","BUENOS AIRES","5","Quinta Sección","74","Mar Chiquita"
"2019","2","BUENOS AIRES","5","Quinta Sección","78","Monte"
"2019","2","BUENOS AIRES","5","Quinta Sección","82","Necochea"
"2019","2","BUENOS AIRES","5","Quinta Sección","88","Pila"
"2019","2","BUENOS AIRES","5","Quinta Sección","90","Pinamar"
"2019","2","BUENOS AIRES","5","Quinta Sección","94","Rauch"
"2019","2","BUENOS AIRES","5","Quinta Sección","104","San Cayetano"
"2019","2","BUENOS AIRES","5","Quinta Sección","111","Tandil"
"2019","2","BUENOS AIRES","5","Quinta Sección","116","Tordillo"
"2019","2","BUENOS AIRES","5","Quinta Sección","119","La Costa"
"2019","2","BUENOS AIRES","5","Quinta Sección","123","Villa Gesell"
"2019","2","BUENOS AIRES","5","Quinta Sección","135","Lezama"
"2019","2","BUENOS AIRES","6","Sexta Sección","1","Adolfo Alsina"
"2019","2","BUENOS AIRES","6","Sexta Sección","7","Bahía Blanca"
"2019","2","BUENOS AIRES","6","Sexta Sección","22","Patagones"
"2019","2","BUENOS AIRES","6","Sexta Sección","25","Coronel Dorrego"
"2019","2","BUENOS AIRES","6","Sexta Sección","26","Coronel Pringles"
"2019","2","BUENOS AIRES","6","Sexta Sección","27","Coronel Rosales"
"2019","2","BUENOS AIRES","6","Sexta Sección","28","Coronel Suárez"
"2019","2","BUENOS AIRES","6","Sexta Sección","32","Daireaux"
"2019","2","BUENOS AIRES","6","Sexta Sección","44","General La Madrid"
"2019","2","BUENOS AIRES","6","Sexta Sección","56","Gonzales Chaves"
"2019","2","BUENOS AIRES","6","Sexta Sección","57","Guaminí"
"2019","2","BUENOS AIRES","6","Sexta Sección","59","Benito Juárez"
"2019","2","BUENOS AIRES","6","Sexta Sección","64","Laprida"
"2019","2","BUENOS AIRES","6","Sexta Sección","86","Pellegrini"
"2019","2","BUENOS AIRES","6","Sexta Sección","91","Puán"
"2019","2","BUENOS AIRES","6","Sexta Sección","98","Saavedra"
"2019","2","BUENOS AIRES","6","Sexta Sección","100","Salliqueló"
"2019","2","BUENOS AIRES","6","Sexta Sección","114","Tornquist"
"2019","2","BUENOS AIRES","6","Sexta Sección","117","Tres Arroyos"
"2019","2","BUENOS AIRES","6","Sexta Sección","120","Monte Hermoso"
"2019","2","BUENOS AIRES","6","Sexta Sección","124","Villarino"
"2019","2","BUENOS AIRES","6","Sexta Sección","126","Tres Lomas"
"2019","2","BUENOS AIRES","7","Séptima Sección","6","Azul"
"2019","2","BUENOS AIRES","7","Séptima Sección","13","Bolívar"
"2019","2","BUENOS AIRES","7","Séptima Sección","40","General Alvear"
"2019","2","BUENOS AIRES","7","Séptima Sección","84","Olavarría"
"2019","2","BUENOS AIRES","7","Séptima Sección","97","Roque Pérez"
"2019","2","BUENOS AIRES","7","Séptima Sección","99","Saladillo"
"2019","2","BUENOS AIRES","7","Séptima Sección","112","Tapalqué"
"2019","2","BUENOS AIRES","7","Séptima Sección","121","25 de Mayo"
"2019","2","BUENOS AIRES","8","Sección Capital","63","La Plata"
"2019","3","CATAMARCA","0","","1","Capital"
"2019","3","CATAMARCA","0","","2","Capayán"
"2019","3","CATAMARCA","0","","3","La Paz"
"2019","3","CATAMARCA","0","","4","Ancasti"
"2019","3","CATAMARCA","0","","5","El Alto"
"2019","3","CATAMARCA","0","","6","Santa Rosa"
"2019","3","CATAMARCA","0","","7","Paclin"
"2019","3","CATAMARCA","0","","8","Valle Viejo"
"2019","3","CATAMARCA","0","","9","Fray Mamerto Esquiú"
"2019","3","CATAMARCA","0","","10","Ambato"
"2019","3","CATAMARCA","0","","11","Pomán"
"2019","3","CATAMARCA","0","","12","Andalgalá"
"2019","3","CATAMARCA","0","","13","Belén"
"2019","3","CATAMARCA","0","","15","Tinogasta"
"2019","3","CATAMARCA","0","","16","Santa María"
"2019","4","CÓRDOBA","0","","1","Capital"
"2019","4","CÓRDOBA","0","","2","Calamuchita"
"2019","4","CÓRDOBA","0","","3","Colón"
"2019","4","CÓRDOBA","0","","4","Cruz del Eje"
"2019","4","CÓRDOBA","0","","5","General Roca"
"2019","4","CÓRDOBA","0","","6","General San Martín"
"2019","4","CÓRDOBA","0","","7","Ischilín"
"2019","4","CÓRDOBA","0","","8","Juárez Celman"
"2019","4","CÓRDOBA","0","","9","Marcos Juárez"
"2019","4","CÓRDOBA","0","","10","Minas"
"2019","4","CÓRDOBA","0","","11","Pocho"
"2019","4","CÓRDOBA","0","","12","Punilla"
"2019","4","CÓRDOBA","0","","13","Río Cuarto"
"2019","4","CÓRDOBA","0","","14","Río Primero"
"2019","4","CÓRDOBA","0","","15","Río Seco"
"2019","4","CÓRDOBA","0","","16","Río Segundo"
"2019","4","CÓRDOBA","0","","17","Roque Sáenz Peña"
"2019","4","CÓRDOBA","0","","18","San Alberto"
"2019","4","CÓRDOBA","0","","19","San Javier"
"2019","4","CÓRDOBA","0","","20","San Justo"
"2019","4","CÓRDOBA","0","","21","Santa María"
"2019","4","CÓRDOBA","0","","22","Sobremonte"
"2019","4","CÓRDOBA","0","","23","Tercero Arriba"
"2019","4","CÓRDOBA","0","","24","Totoral"
"2019","4","CÓRDOBA","0","","25","Tulumba"
"2019","4","CÓRDOBA","0","","26","Unión"
"2019","5","CORRIENTES","0","","1","Capital"
"2019","5","CORRIENTES","0","","2","Goya"
"2019","5","CORRIENTES","0","","3","Curuzú Cuatiá"
"2019","5","CORRIENTES","0","","4","Mercedes"
"2019","5","CORRIENTES","0","","5","Esquina"
"2019","5","CORRIENTES","0","","6","Lavalle"
"2019","5","CORRIENTES","0","","7","Santo Tomé"
"2019","5","CORRIENTES","0","","8","Paso de los Libres"
"2019","5","CORRIENTES","0","","9","Monte Caseros"
"2019","5","CORRIENTES","0","","10","San Luis del Palmar"
"2019","5","CORRIENTES","0","","11","Bella Vista"
"2019","5","CORRIENTES","0","","12","Empedrado"
"2019","5","CORRIENTES","0","","13","San Roque"
"2019","5","CORRIENTES","0","","14","General Paz"
"2019","5","CORRIENTES","0","","15","Saladas"
"2019","5","CORRIENTES","0","","16","San Martín"
"2019","5","CORRIENTES","0","","17","Concepción"
"2019","5","CORRIENTES","0","","18","Mburucuyá"
"2019","5","CORRIENTES","0","","19","Ituzaingó"
"2019","5","CORRIENTES","0","","20","Sauce"
"2019","5","CORRIENTES","0","","21","San Cosme"
"2019","5","CORRIENTES","0","","22","General Alvear"
"2019","5","CORRIENTES","0","","23","San Miguel"
"2019","5","CORRIENTES","0","","24","Itatí"
"2019","5","CORRIENTES","0","","25","Berón de Astrada"
"2019","6","CHACO","0","","1","San Fernando"
"2019","6","CHACO","0","","2","Primero de Mayo"
"2019","6","CHACO","0","","3","Libertad"
"2019","6","CHACO","0","","4","General Donovan"
"2019","6","CHACO","0","","5","Sargento Cabral "
"2019","6","CHACO","0","","6","Presidencia de la  Plaza"
"2019","6","CHACO","0","","7","Bermejo"
"2019","6","CHACO","0","","8","Libertador Gral. San Martín"
"2019","6","CHACO","0","","9","Tapenaga"
"2019","6","CHACO","0","","10","San Lorenzo "
"2019","6","CHACO","0","","11","Mayor L. J. Fontana"
"2019","6","CHACO","0","","12","O'Higgins"
"2019","6","CHACO","0","","13","Comandante Fernández "
"2019","6","CHACO","0","","14","Quitilipi"
"2019","6","CHACO","0","","15","25 de Mayo"
"2019","6","CHACO","0","","16","Maipú"
"2019","6","CHACO","0","","17","Independencia"
"2019","6","CHACO","0","","18","General Belgrano"
"2019","6","CHACO","0","","19","9 de Julio"
"2019","6","CHACO","0","","20","Chacabuco"
"2019","6","CHACO","0","","21","12 de Octubre"
"2019","6","CHACO","0","","22","2 de Abril"
"2019","6","CHACO","0","","23","Fray Justo Sta. María de Oro"
"2019","6","CHACO","0","","24","Almirante Brown"
"2019","6","CHACO","0","","25","General Güemes"
"2019","7","CHUBUT","0","","1","Rawson"
"2019","7","CHUBUT","0","","2","Biedma"
"2019","7","CHUBUT","0","","3","Telsen"
"2019","7","CHUBUT","0","","4","Gastre"
"2019","7","CHUBUT","0","","5","Cushamen"
"2019","7","CHUBUT","0","","6","Futaleufú"
"2019","7","CHUBUT","0","","7","Languiñeo"
"2019","7","CHUBUT","0","","8","Tehuelches"
"2019","7","CHUBUT","0","","9","Paso de los Indios"
"2019","7","CHUBUT","0","","10","Mártires"
"2019","7","CHUBUT","0","","11","F. Ameghino"
"2019","7","CHUBUT","0","","12","Gaiman"
"2019","7","CHUBUT","0","","13","Río Senger"
"2019","7","CHUBUT","0","","14","Sarmiento"
"2019","7","CHUBUT","0","","15","Escalante"
"2019","8","ENTRE RÍOS","0","","1","Paraná"
"2019","8","ENTRE RÍOS","0","","3","La Paz"
"2019","8","ENTRE RÍOS","0","","4","Diamante"
"2019","8","ENTRE RÍOS","0","","5","Victoria"
"2019","8","ENTRE RÍOS","0","","6","Nogoyá"
"2019","8","ENTRE RÍOS","0","","7","Gualeguay"
"2019","8","ENTRE RÍOS","0","","8","Tala"
"2019","8","ENTRE RÍOS","0","","9","Uruguay"
"2019","8","ENTRE RÍOS","0","","10","Gualeguaychú"
"2019","8","ENTRE RÍOS","0","","11","Islas del Ibicuy"
"2019","8","ENTRE RÍOS","0","","12","Villaguay"
"2019","8","ENTRE RÍOS","0","","13","Concordia"
"2019","8","ENTRE RÍOS","0","","14","Federal"
"2019","8","ENTRE RÍOS","0","","15","Colón"
"2019","8","ENTRE RÍOS","0","","16","Feliciano"
"2019","8","ENTRE RÍOS","0","","17","Federación"
"2019","8","ENTRE RÍOS","0","","18","San Salvador"
"2019","9","FORMOSA","0","","1","Formosa"
"2019","9","FORMOSA","0","","2","Laishí"
"2019","9","FORMOSA","0","","3","Pilcomayo"
"2019","9","FORMOSA","0","","4","Pirané"
"2019","9","FORMOSA","0","","5","Pilagás"
"2019","9","FORMOSA","0","","6","Patiño"
"2019","9","FORMOSA","0","","7","Bermejo"
"2019","9","FORMOSA","0","","8","Matacos"
"2019","9","FORMOSA","0","","9","Ramón Lista"
"2019","10","JUJUY","0","","1","General Belgrano"
"2019","10","JUJUY","0","","2","Palpalá"
"2019","10","JUJUY","0","","3","San Antonio"
"2019","10","JUJUY","0","","4","El Carmen"
"2019","10","JUJUY","0","","5","San Pedro"
"2019","10","JUJUY","0","","6","Santa Bárbara"
"2019","10","JUJUY","0","","7","Ledesma"
"2019","10","JUJUY","0","","8","Valle Grande"
"2019","10","JUJUY","0","","9","Tumbaya"
"2019","10","JUJUY","0","","10","Tilcara"
"2019","10","JUJUY","0","","11","Humahuaca"
"2019","10","JUJUY","0","","12","Cochinoca"
"2019","10","JUJUY","0","","13","Rinconada"
"2019","10","JUJUY","0","","14","Santa Catalina"
"2019","10","JUJUY","0","","15","Yavi"
"2019","10","JUJUY","0","","16","Susques"
"2019","11","LA PAMPA","0","","1","Atreuco"
"2019","11","LA PAMPA","0","","2","Capital"
"2019","11","LA PAMPA","0","","3","Caleu Caleu"
"2019","11","LA PAMPA","0","","4","Catriló"
"2019","11","LA PAMPA","0","","5","Chalileo"
"2019","11","LA PAMPA","0","","6","Chapaleufú"
"2019","11","LA PAMPA","0","","7","Chical-Co"
"2019","11","LA PAMPA","0","","8","Conhelo"
"2019","11","LA PAMPA","0","","9","Curacó"
"2019","11","LA PAMPA","0","","10","Guatraché"
"2019","11","LA PAMPA","0","","11","Hucal"
"2019","11","LA PAMPA","0","","12","Loventué"
"2019","11","LA PAMPA","0","","13","Lihuel Calel"
"2019","11","LA PAMPA","0","","14","Limay Mahuida"
"2019","11","LA PAMPA","0","","15","Maracó"
"2019","11","LA PAMPA","0","","16","Puelén"
"2019","11","LA PAMPA","0","","17","Quemú Quemú"
"2019","11","LA PAMPA","0","","18","Rancul"
"2019","11","LA PAMPA","0","","19","Realicó"
"2019","11","LA PAMPA","0","","20","Toay"
"2019","11","LA PAMPA","0","","21","Trenel"
"2019","11","LA PAMPA","0","","22","Utracán"
"2019","12","LA RIOJA","0","","1","Capital"
"2019","12","LA RIOJA","0","","2","Sanagasta"
"2019","12","LA RIOJA","0","","3","Castro Barros"
"2019","12","LA RIOJA","0","","4","Arauco"
"2019","12","LA RIOJA","0","","5","San Blas de los Sauces"
"2019","12","LA RIOJA","0","","6","Chilecito"
"2019","12","LA RIOJA","0","","7","Famatina"
"2019","12","LA RIOJA","0","","8","Felipe Varela"
"2019","12","LA RIOJA","0","","9","General Lamadrid"
"2019","12","LA RIOJA","0","","10","Vinchina"
"2019","12","LA RIOJA","0","","11","Independencia"
"2019","12","LA RIOJA","0","","12","Chamical"
"2019","12","LA RIOJA","0","","13","Ángel Vicente Peñaloza"
"2019","12","LA RIOJA","0","","14","General Belgrano"
"2019","12","LA RIOJA","0","","15","Juan Facundo Quiroga"
"2019","12","LA RIOJA","0","","16","General Ortiz de Ocampo"
"2019","12","LA RIOJA","0","","17","Rosario Vera Peñaloza"
"2019","12","LA RIOJA","0","","18","General San Martín"
"2019","13","MENDOZA","9","Primera Sección","1","Capital"
"2019","13","MENDOZA","9","Primera Sección","3","Guaymallén"
"2019","13","MENDOZA","9","Primera Sección","4","Las Heras"
"2019","13","MENDOZA","9","Primera Sección","5","Lavalle"
"2019","13","MENDOZA","10","Segunda Sección","6","Maipú"
"2019","13","MENDOZA","10","Segunda Sección","9","San Martín"
"2019","13","MENDOZA","10","Segunda Sección","10","Junín"
"2019","13","MENDOZA","10","Segunda Sección","11","Rivadavia"
"2019","13","MENDOZA","10","Segunda Sección","14","Santa Rosa"
"2019","13","MENDOZA","10","Segunda Sección","15","La Paz"
"2019","13","MENDOZA","11","Tercera Sección","2","Godoy Cruz"
"2019","13","MENDOZA","11","Tercera Sección","7","Luján"
"2019","13","MENDOZA","11","Tercera Sección","8","Tupungato"
"2019","13","MENDOZA","11","Tercera Sección","12","Tunuyán"
"2019","13","MENDOZA","11","Tercera Sección","13","San Carlos"
"2019","13","MENDOZA","12","Cuarta Sección","16","San Rafael"
"2019","13","MENDOZA","12","Cuarta Sección","17","Malargüe"
"2019","13","MENDOZA","12","Cuarta Sección","18","General Alvear"
"2019","14","MISIONES","0","","1","Capital"
"2019","14","MISIONES","0","","2","Apóstoles"
"2019","14","MISIONES","0","","3","Candelaria"
"2019","14","MISIONES","0","","4","Leandro N. Alem"
"2019","14","MISIONES","0","","5","Concepción de la Sierra"
"2019","14","MISIONES","0","","6","San Javier"
"2019","14","MISIONES","0","","7","San Ignacio"
"2019","14","MISIONES","0","","8","Oberá"
"2019","14","MISIONES","0","","9","Libertador General San Martín"
"2019","14","MISIONES","0","","10","Cainguas"
"2019","14","MISIONES","0","","11","25 de Mayo"
"2019","14","MISIONES","0","","12","Montecarlo"
"2019","14","MISIONES","0","","13","Guaraní"
"2019","14","MISIONES","0","","14","El Dorado"
"2019","14","MISIONES","0","","15","San Pedro"
"2019","14","MISIONES","0","","16","Iguazú"
"2019","14","MISIONES","0","","17","General Manuel Belgrano"
"2019","15","NEUQUÉN","0","","1","Confluencia"
"2019","15","NEUQUÉN","0","","2","Zapala"
"2019","15","NEUQUÉN","0","","3","Añelo"
"2019","15","NEUQUÉN","0","","4","Pehuenches"
"2019","15","NEUQUÉN","0","","5","Chos Malal"
"2019","15","NEUQUÉN","0","","6","Minas"
"2019","15","NEUQUÉN","0","","7","Ñorquín"
"2019","15","NEUQUÉN","0","","8","Loncopué"
"2019","15","NEUQUÉN","0","","9","Picunches"
"2019","15","NEUQUÉN","0","","10","Aluminé"
"2019","15","NEUQUÉN","0","","11","Catán Lil"
"2019","15","NEUQUÉN","0","","12","Picún Leufú"
"2019","15","NEUQUÉN","0","","13","Collón Curá"
"2019","15","NEUQUÉN","0","","14","Huiliches"
"2019","15","NEUQUÉN","0","","15","Lácar"
"2019","15","NEUQUÉN","0","","16","Los Lagos"
"2019","16","RÍO NEGRO","0","","1","Adolfo Alsina"
"2019","16","RÍO NEGRO","0","","2","Conesa"
"2019","16","RÍO NEGRO","0","","3","San Antonio Oeste"
"2019","16","RÍO NEGRO","0","","4","Valcheta"
"2019","16","RÍO NEGRO","0","","5","Nueve de Julio"
"2019","16","RÍO NEGRO","0","","6","25 de Mayo"
"2019","16","RÍO NEGRO","0","","7","Ñorquinco"
"2019","16","RÍO NEGRO","0","","8","Pilcaniyeu"
"2019","16","RÍO NEGRO","0","","9","Bariloche"
"2019","16","RÍO NEGRO","0","","10","Pichi Mahuida"
"2019","16","RÍO NEGRO","0","","11","Avellaneda"
"2019","16","RÍO NEGRO","0","","12","General Roca"
"2019","16","RÍO NEGRO","0","","13","El Cuy"
"2019","17","SALTA","0","","1","Capital"
"2019","17","SALTA","0","","2","La Caldera"
"2019","17","SALTA","0","","3","General Güemes"
"2019","17","SALTA","0","","4","Metán"
"2019","17","SALTA","0","","5","Anta"
"2019","17","SALTA","0","","6","Rivadavia"
"2019","17","SALTA","0","","7","Orán"
"2019","17","SALTA","0","","8","San Martín"
"2019","17","SALTA","0","","9","Iruya"
"2019","17","SALTA","0","","10","Santa Victoria"
"2019","17","SALTA","0","","11","Cerrillos"
"2019","17","SALTA","0","","12","Chicoana"
"2019","17","SALTA","0","","13","La Viña"
"2019","17","SALTA","0","","14","Guachipas"
"2019","17","SALTA","0","","15","Rosario de la Frontera"
"2019","17","SALTA","0","","16","La Candelaria"
"2019","17","SALTA","0","","17","Cafayate"
"2019","17","SALTA","0","","18","San Carlos"
"2019","17","SALTA","0","","19","Molinos"
"2019","17","SALTA","0","","20","Cachi"
"2019","17","SALTA","0","","21","Rosario de Lerma"
"2019","17","SALTA","0","","22","La Poma"
"2019","17","SALTA","0","","23","Los Andes"
"2019","18","SAN JUAN","0","","1","Capital"
"2019","18","SAN JUAN","0","","2","Santa Lucia"
"2019","18","SAN JUAN","0","","3","Chimbas"
"2019","18","SAN JUAN","0","","4","Rivadavia"
"2019","18","SAN JUAN","0","","5","Zonda"
"2019","18","SAN JUAN","0","","6","Rawson"
"2019","18","SAN JUAN","0","","7","Nueve de Julio"
"2019","18","SAN JUAN","0","","8","San Martín"
"2019","18","SAN JUAN","0","","9","Angaco"
"2019","18","SAN JUAN","0","","10","Albardón"
"2019","18","SAN JUAN","0","","11","Ullúm"
"2019","18","SAN JUAN","0","","12","Pocito"
"2019","18","SAN JUAN","0","","13","Sarmiento"
"2019","18","SAN JUAN","0","","14","25 de Mayo"
"2019","18","SAN JUAN","0","","15","Caucete"
"2019","18","SAN JUAN","0","","16","Valle Fértil"
"2019","18","SAN JUAN","0","","17","Jáchal"
"2019","18","SAN JUAN","0","","18","Iglesia"
"2019","18","SAN JUAN","0","","19","Calingasta"
"2019","19","SAN LUIS","0","","1","Pueyrredón"
"2019","19","SAN LUIS","0","","2","Pringles"
"2019","19","SAN LUIS","0","","3","Pedernera"
"2019","19","SAN LUIS","0","","4","Chacabuco"
"2019","19","SAN LUIS","0","","5","San Martín"
"2019","19","SAN LUIS","0","","6","Junín"
"2019","19","SAN LUIS","0","","7","Ayacucho"
"2019","19","SAN LUIS","0","","8","Belgrano"
"2019","19","SAN LUIS","0","","9","Gobernador Dupuy"
"2019","20","SANTA CRUZ","0","","1","Deseado"
"2019","20","SANTA CRUZ","0","","2","Lago Buenos Aires"
"2019","20","SANTA CRUZ","0","","3","Magallanes"
"2019","20","SANTA CRUZ","0","","4","Río Chico"
"2019","20","SANTA CRUZ","0","","5","Corpen Aike"
"2019","20","SANTA CRUZ","0","","6","Lago Argentino"
"2019","20","SANTA CRUZ","0","","7","Güer Aike"
"2019","21","SANTA FE","0","","1","Belgrano"
"2019","21","SANTA FE","0","","2","Caseros"
"2019","21","SANTA FE","0","","3","Castellanos"
"2019","21","SANTA FE","0","","4","Constitución"
"2019","21","SANTA FE","0","","5","Garay"
"2019","21","SANTA FE","0","","6","General López"
"2019","21","SANTA FE","0","","7","General Obligado"
"2019","21","SANTA FE","0","","8","Iriondo"
"2019","21","SANTA FE","0","","9","La Capital"
"2019","21","SANTA FE","0","","11","Las Colonias"
"2019","21","SANTA FE","0","","12","Nueve de Julio"
"2019","21","SANTA FE","0","","13","Rosario"
"2019","21","SANTA FE","0","","16","San Cristóbal"
"2019","21","SANTA FE","0","","17","San Javier"
"2019","21","SANTA FE","0","","18","San Jerónimo"
"2019","21","SANTA FE","0","","19","San Justo"
"2019","21","SANTA FE","0","","20","San Lorenzo"
"2019","21","SANTA FE","0","","21","San Martín"
"2019","21","SANTA FE","0","","22","Vera"
"2019","22","SANTIAGO DEL ESTERO","0","","1","Capital"
"2019","22","SANTIAGO DEL ESTERO","0","","2","Avellaneda"
"2019","22","SANTIAGO DEL ESTERO","0","","3","Aguirre"
"2019","22","SANTIAGO DEL ESTERO","0","","4","Alberdi"
"2019","22","SANTIAGO DEL ESTERO","0","","5","Atamisqui"
"2019","22","SANTIAGO DEL ESTERO","0","","6","Banda"
"2019","22","SANTIAGO DEL ESTERO","0","","7","Belgrano"
"2019","22","SANTIAGO DEL ESTERO","0","","8","Copo"
"2019","22","SANTIAGO DEL ESTERO","0","","9","Choya"
"2019","22","SANTIAGO DEL ESTERO","0","","10","Figueroa"
"2019","22","SANTIAGO DEL ESTERO","0","","11","Guasayán"
"2019","22","SANTIAGO DEL ESTERO","0","","12","Jiménez"
"2019","22","SANTIAGO DEL ESTERO","0","","13","Loreto"
"2019","22","SANTIAGO DEL ESTERO","0","","14","Juan F. Ibarra"
"2019","22","SANTIAGO DEL ESTERO","0","","15","Mitre"
"2019","22","SANTIAGO DEL ESTERO","0","","16","Moreno"
"2019","22","SANTIAGO DEL ESTERO","0","","17","Ojo de Agua"
"2019","22","SANTIAGO DEL ESTERO","0","","18","Pellegrini"
"2019","22","SANTIAGO DEL ESTERO","0","","19","Quebrachos"
"2019","22","SANTIAGO DEL ESTERO","0","","20","Rivadavia"
"2019","22","SANTIAGO DEL ESTERO","0","","21","Robles"
"2019","22","SANTIAGO DEL ESTERO","0","","22","Río Hondo"
"2019","22","SANTIAGO DEL ESTERO","0","","23","Silipica"
"2019","22","SANTIAGO DEL ESTERO","0","","24","San Martín"
"2019","22","SANTIAGO DEL ESTERO","0","","25","Salavina"
"2019","22","SANTIAGO DEL ESTERO","0","","26","Sarmiento"
"2019","22","SANTIAGO DEL ESTERO","0","","27","Taboada"
"2019","23","TUCUMÁN","13","Sección 1 - Capital","1","Capital"
"2019","23","TUCUMÁN","14","Sección 2 - Este","9","Graneros"
"2019","23","TUCUMÁN","14","Sección 2 - Este","10","Simoca"
"2019","23","TUCUMÁN","14","Sección 2 - Este","11","Leales"
"2019","23","TUCUMÁN","14","Sección 2 - Este","12","Cruz Alta"
"2019","23","TUCUMÁN","14","Sección 2 - Este","13","Burruyacú"
"2019","23","TUCUMÁN","14","Sección 2 - Este","14","Trancas"
"2019","23","TUCUMÁN","15","Sección 3 - Oeste","2","Lules"
"2019","23","TUCUMÁN","15","Sección 3 - Oeste","3","Famaillá"
"2019","23","TUCUMÁN","15","Sección 3 - Oeste","4","Monteros"
"2019","23","TUCUMÁN","15","Sección 3 - Oeste","5","Chicligasta"
"2019","23","TUCUMÁN","15","Sección 3 - Oeste","6","Río Chico"
"2019","23","TUCUMÁN","15","Sección 3 - Oeste","7","Alberdi"
"2019","23","TUCUMÁN","15","Sección 3 - Oeste","8","La Cocha"
"2019","23","TUCUMÁN","15","Sección 3 - Oeste","15","Yerba Buena"
"2019","23","TUCUMÁN","15","Sección 3 - Oeste","16","Tafí Viejo"
"2019","23","TUCUMÁN","15","Sección 3 - Oeste","17","Tafí del Valle"
"2019","24","TIERRA DEL FUEGO","0","","1","Ushuaia"
"2019","24","TIERRA DEL FUEGO","0","","2","Río Grande"
"2019","24","TIERRA DEL FUEGO","0","","3","Antártida Argentina"
"2019","24","TIERRA DEL FUEGO","0","","5","Tolhuin"
