"año","distrito_id","Distrito","idAgrupacion","Agrupacion","color"
"2019","1","CIUDAD AUTÓNOMA DE BUENOS AIRES","01-187","AUTODETERMINACION Y LIBERTAD","#4d2e6e"
"2019","1","CIUDAD AUTÓNOMA DE BUENOS AIRES","01-501","FRENTE DE IZQUIERDA Y DE TRABAJADORES - UNIDAD","#ab2828"
"2019","1","CIUDAD AUTÓNOMA DE BUENOS AIRES","01-502","FRENTE DE TODOS","#00a9e8"
"2019","1","CIUDAD AUTÓNOMA DE BUENOS AIRES","01-503","JUNTOS POR EL CAMBIO","#fcd200"
"2019","1","CIUDAD AUTÓNOMA DE BUENOS AIRES","01-504","CONSENSO FEDERAL","#29307c"
"2019","1","CIUDAD AUTÓNOMA DE BUENOS AIRES","13","MOVIMIENTO AL SOCIALISMO","#dc0c1a"
"2019","1","CIUDAD AUTÓNOMA DE BUENOS AIRES","131","FRENTE NOS","#4985fd"
"2019","1","CIUDAD AUTÓNOMA DE BUENOS AIRES","132","FRENTE PATRIOTA","#53b2e0"
"2019","1","CIUDAD AUTÓNOMA DE BUENOS AIRES","133","FRENTE DE IZQUIERDA Y DE TRABAJADORES - UNIDAD","#ab2828"
"2019","1","CIUDAD AUTÓNOMA DE BUENOS AIRES","135","JUNTOS POR EL CAMBIO","#fcd200"
"2019","1","CIUDAD AUTÓNOMA DE BUENOS AIRES","136","FRENTE DE TODOS","#00a9e8"
"2019","1","CIUDAD AUTÓNOMA DE BUENOS AIRES","137","CONSENSO FEDERAL","#29307c"
"2019","1","CIUDAD AUTÓNOMA DE BUENOS AIRES","36","PARTIDO AUTONOMISTA","#f6243a"
"2019","1","CIUDAD AUTÓNOMA DE BUENOS AIRES","5","DEMOCRATA CRISTIANO","#488fe7"
"2019","1","CIUDAD AUTÓNOMA DE BUENOS AIRES","57","MOVIMIENTO DE ACCION VECINAL","#21b31a"
"2019","1","CIUDAD AUTÓNOMA DE BUENOS AIRES","86","FRENTE RENOVADOR AUTENTICO","#0e3c60"
"2019","1","CIUDAD AUTÓNOMA DE BUENOS AIRES","87","UNITE POR LA LIBERTAD Y LA DIGNIDAD","#68bade"
"2019","1","CIUDAD AUTÓNOMA DE BUENOS AIRES","88","PARTIDO DIGNIDAD POPULAR","#90b2dc"
"2019","2","BUENOS AIRES","02-1911","FRENTE NOS","#4985fd"
"2019","2","BUENOS AIRES","02-207","PARTIDO HUMANISTA","#ff5900"
"2019","2","BUENOS AIRES","02-309","MOVIMIENTO ORGANIZACION DEMOCRATICA","#f3b202"
"2019","2","BUENOS AIRES","02-312","FRENTE PATRIOTA","#53b2e0"
"2019","2","BUENOS AIRES","02-503","FRENTE DE TODOS","#00a9e8"
"2019","2","BUENOS AIRES","02-697","ACCION POR VILLARINO","#6bbb9f"
"2019","2","BUENOS AIRES","02-792","UNION VECINAL SALLIQUELO","#008039"
"2019","2","BUENOS AIRES","02-809","BIEN COMUN POR ROSALES","#009f45"
"2019","2","BUENOS AIRES","02-816","PARTIDO DIGNIDAD POPULAR","#90b2dc"
"2019","2","BUENOS AIRES","02-858","TODOS POR SAAVEDRA","#83b44d"
"2019","2","BUENOS AIRES","02-865","FRENTE PATRIOTA","#53b2e0"
"2019","2","BUENOS AIRES","02-868","AGRUPACION MUNICIPAL PRIMERO LOBOS","#1159a3"
"2019","2","BUENOS AIRES","02-888","UNIDAD Y ACCION POR MAR CHIQUITA","#5667f5"
"2019","2","BUENOS AIRES","13","MOVIMIENTO AL SOCIALISMO","#dc0c1a"
"2019","2","BUENOS AIRES","131","FRENTE NOS","#4985fd"
"2019","2","BUENOS AIRES","132","FRENTE PATRIOTA","#53b2e0"
"2019","2","BUENOS AIRES","133","FRENTE DE IZQUIERDA Y DE TRABAJADORES - UNIDAD","#ab2828"
"2019","2","BUENOS AIRES","135","JUNTOS POR EL CAMBIO","#fcd200"
"2019","2","BUENOS AIRES","136","FRENTE DE TODOS","#00a9e8"
"2019","2","BUENOS AIRES","137","CONSENSO FEDERAL","#29307c"
"2019","2","BUENOS AIRES","36","PARTIDO AUTONOMISTA","#f6243a"
"2019","2","BUENOS AIRES","87","UNITE POR LA LIBERTAD Y LA DIGNIDAD","#68bade"
"2019","3","CATAMARCA","03-218","UNION DEL CENTRO DEMOCRATICO","#167a32"
"2019","3","CATAMARCA","03-503","FRENTE DE TODOS","#00a9e8"
"2019","3","CATAMARCA","03-504","CONSENSO FEDERAL","#29307c"
"2019","3","CATAMARCA","03-505","FRENTE DE IZQUIERDA Y DE TRABAJADORES - UNIDAD","#ab2828"
"2019","3","CATAMARCA","03-506","JUNTOS POR EL CAMBIO","#fcd200"
"2019","3","CATAMARCA","13","MOVIMIENTO AL SOCIALISMO","#dc0c1a"
"2019","3","CATAMARCA","131","FRENTE NOS","#4985fd"
"2019","3","CATAMARCA","132","FRENTE PATRIOTA","#53b2e0"
"2019","3","CATAMARCA","133","FRENTE DE IZQUIERDA Y DE TRABAJADORES - UNIDAD","#ab2828"
"2019","3","CATAMARCA","135","JUNTOS POR EL CAMBIO","#fcd200"
"2019","3","CATAMARCA","136","FRENTE DE TODOS","#00a9e8"
"2019","3","CATAMARCA","137","CONSENSO FEDERAL","#29307c"
"2019","3","CATAMARCA","36","PARTIDO AUTONOMISTA","#f6243a"
"2019","3","CATAMARCA","87","UNITE POR LA LIBERTAD Y LA DIGNIDAD","#68bade"
"2019","4","CÓRDOBA","04-217","ENCUENTRO VECINAL CORDOBA","#f26b34"
"2019","4","CÓRDOBA","04-502","JUNTOS POR EL CAMBIO","#fcd200"
"2019","4","CÓRDOBA","04-503","HACEMOS POR CORDOBA","#0195d6"
"2019","4","CÓRDOBA","04-504","FRENTE DE IZQUIERDA Y DE TRABAJADORES - UNIDAD","#ab2828"
"2019","4","CÓRDOBA","04-505","FRENTE DE TODOS","#00a9e8"
"2019","4","CÓRDOBA","04-506","CONSENSO FEDERAL","#29307c"
"2019","4","CÓRDOBA","13","MOVIMIENTO AL SOCIALISMO","#dc0c1a"
"2019","4","CÓRDOBA","131","FRENTE NOS","#4985fd"
"2019","4","CÓRDOBA","132","FRENTE PATRIOTA","#53b2e0"
"2019","4","CÓRDOBA","133","FRENTE DE IZQUIERDA Y DE TRABAJADORES - UNIDAD","#ab2828"
"2019","4","CÓRDOBA","135","JUNTOS POR EL CAMBIO","#fcd200"
"2019","4","CÓRDOBA","136","FRENTE DE TODOS","#00a9e8"
"2019","4","CÓRDOBA","137","CONSENSO FEDERAL","#29307c"
"2019","4","CÓRDOBA","36","PARTIDO AUTONOMISTA","#f6243a"
"2019","4","CÓRDOBA","87","UNITE POR LA LIBERTAD Y LA DIGNIDAD","#68bade"
"2019","5","CORRIENTES","05-501","FRENTE DE TODOS","#00a9e8"
"2019","5","CORRIENTES","05-502","ENCUENTRO POR CORRIENTES - ECO + JUNTOS POR EL CAMBIO","#fcd200"
"2019","5","CORRIENTES","05-503","CONSENSO FEDERAL","#29307c"
"2019","5","CORRIENTES","13","MOVIMIENTO AL SOCIALISMO","#dc0c1a"
"2019","5","CORRIENTES","131","FRENTE NOS","#4985fd"
"2019","5","CORRIENTES","132","FRENTE PATRIOTA","#53b2e0"
"2019","5","CORRIENTES","133","FRENTE DE IZQUIERDA Y DE TRABAJADORES - UNIDAD","#ab2828"
"2019","5","CORRIENTES","135","JUNTOS POR EL CAMBIO","#fcd200"
"2019","5","CORRIENTES","136","FRENTE DE TODOS","#00a9e8"
"2019","5","CORRIENTES","137","CONSENSO FEDERAL","#29307c"
"2019","5","CORRIENTES","36","PARTIDO AUTONOMISTA","#f6243a"
"2019","5","CORRIENTES","87","UNITE POR LA LIBERTAD Y LA DIGNIDAD","#68bade"
"2019","6","CHACO","06-501","FRENTE DE TODOS","#00a9e8"
"2019","6","CHACO","06-503","JUNTOS POR EL CAMBIO","#fcd200"
"2019","6","CHACO","06-504","CONSENSO FEDERAL","#29307c"
"2019","6","CHACO","13","MOVIMIENTO AL SOCIALISMO","#dc0c1a"
"2019","6","CHACO","131","FRENTE NOS","#4985fd"
"2019","6","CHACO","132","FRENTE PATRIOTA","#53b2e0"
"2019","6","CHACO","133","FRENTE DE IZQUIERDA Y DE TRABAJADORES - UNIDAD","#ab2828"
"2019","6","CHACO","135","JUNTOS POR EL CAMBIO","#fcd200"
"2019","6","CHACO","136","FRENTE DE TODOS","#00a9e8"
"2019","6","CHACO","137","CONSENSO FEDERAL","#29307c"
"2019","6","CHACO","36","PARTIDO AUTONOMISTA","#f6243a"
"2019","6","CHACO","87","UNITE POR LA LIBERTAD Y LA DIGNIDAD","#68bade"
"2019","7","CHUBUT","07-501","FRENTE DE TODOS","#00a9e8"
"2019","7","CHUBUT","07-503","JUNTOS POR EL CAMBIO","#fcd200"
"2019","7","CHUBUT","07-504","FRENTE DE IZQUIERDA Y DE TRABAJADORES - UNIDAD","#ab2828"
"2019","7","CHUBUT","13","MOVIMIENTO AL SOCIALISMO","#dc0c1a"
"2019","7","CHUBUT","131","FRENTE NOS","#4985fd"
"2019","7","CHUBUT","132","FRENTE PATRIOTA","#53b2e0"
"2019","7","CHUBUT","133","FRENTE DE IZQUIERDA Y DE TRABAJADORES - UNIDAD","#ab2828"
"2019","7","CHUBUT","135","JUNTOS POR EL CAMBIO","#fcd200"
"2019","7","CHUBUT","136","FRENTE DE TODOS","#00a9e8"
"2019","7","CHUBUT","137","CONSENSO FEDERAL","#29307c"
"2019","7","CHUBUT","36","PARTIDO AUTONOMISTA","#f6243a"
"2019","7","CHUBUT","87","UNITE POR LA LIBERTAD Y LA DIGNIDAD","#68bade"
"2019","8","ENTRE RÍOS","08-501","FRENTE DE TODOS","#00a9e8"
"2019","8","ENTRE RÍOS","08-502","JUNTOS POR EL CAMBIO","#fcd200"
"2019","8","ENTRE RÍOS","13","MOVIMIENTO AL SOCIALISMO","#dc0c1a"
"2019","8","ENTRE RÍOS","131","FRENTE NOS","#4985fd"
"2019","8","ENTRE RÍOS","132","FRENTE PATRIOTA","#53b2e0"
"2019","8","ENTRE RÍOS","133","FRENTE DE IZQUIERDA Y DE TRABAJADORES - UNIDAD","#ab2828"
"2019","8","ENTRE RÍOS","135","JUNTOS POR EL CAMBIO","#fcd200"
"2019","8","ENTRE RÍOS","136","FRENTE DE TODOS","#00a9e8"
"2019","8","ENTRE RÍOS","137","CONSENSO FEDERAL","#29307c"
"2019","8","ENTRE RÍOS","36","PARTIDO AUTONOMISTA","#f6243a"
"2019","8","ENTRE RÍOS","68","NUEVA IZQUIERDA","#ab2828"
"2019","8","ENTRE RÍOS","87","UNITE POR LA LIBERTAD Y LA DIGNIDAD","#68bade"
"2019","9","FORMOSA","09-501","FRENTE DE TODOS","#00a9e8"
"2019","9","FORMOSA","09-502","CONSENSO FEDERAL","#29307c"
"2019","9","FORMOSA","09-503","FRENTE AMPLIO FORMOSE„O JUNTOS POR EL CAMBIO","#fcd200"
"2019","9","FORMOSA","13","MOVIMIENTO AL SOCIALISMO","#dc0c1a"
"2019","9","FORMOSA","131","FRENTE NOS","#4985fd"
"2019","9","FORMOSA","132","FRENTE PATRIOTA","#53b2e0"
"2019","9","FORMOSA","133","FRENTE DE IZQUIERDA Y DE TRABAJADORES - UNIDAD","#ab2828"
"2019","9","FORMOSA","135","JUNTOS POR EL CAMBIO","#fcd200"
"2019","9","FORMOSA","136","FRENTE DE TODOS","#00a9e8"
"2019","9","FORMOSA","137","CONSENSO FEDERAL","#29307c"
"2019","9","FORMOSA","36","PARTIDO AUTONOMISTA","#f6243a"
"2019","9","FORMOSA","87","UNITE POR LA LIBERTAD Y LA DIGNIDAD","#68bade"
"2019","10","JUJUY","10-501","FRENTE DE TODOS","#00a9e8"
"2019","10","JUJUY","10-502","JUNTOS POR EL CAMBIO","#fcd200"
"2019","10","JUJUY","10-503","CONSENSO FEDERAL","#29307c"
"2019","10","JUJUY","10-504","FRENTE DE IZQUIERDA Y DE TRABAJADORES - UNIDAD","#ab2828"
"2019","10","JUJUY","13","MOVIMIENTO AL SOCIALISMO","#dc0c1a"
"2019","10","JUJUY","131","FRENTE NOS","#4985fd"
"2019","10","JUJUY","132","FRENTE PATRIOTA","#53b2e0"
"2019","10","JUJUY","133","FRENTE DE IZQUIERDA Y DE TRABAJADORES - UNIDAD","#ab2828"
"2019","10","JUJUY","135","JUNTOS POR EL CAMBIO","#fcd200"
"2019","10","JUJUY","136","FRENTE DE TODOS","#00a9e8"
"2019","10","JUJUY","137","CONSENSO FEDERAL","#29307c"
"2019","10","JUJUY","36","PARTIDO AUTONOMISTA","#f6243a"
"2019","10","JUJUY","87","UNITE POR LA LIBERTAD Y LA DIGNIDAD","#68bade"
"2019","11","LA PAMPA","11-501","FRENTE DE TODOS","#00a9e8"
"2019","11","LA PAMPA","11-502","JUNTOS POR EL CAMBIO","#fcd200"
"2019","11","LA PAMPA","11-503","FRENTE DE IZQUIERDA Y DE TRABAJADORES - UNIDAD","#ab2828"
"2019","11","LA PAMPA","13","MOVIMIENTO AL SOCIALISMO","#dc0c1a"
"2019","11","LA PAMPA","131","FRENTE NOS","#4985fd"
"2019","11","LA PAMPA","132","FRENTE PATRIOTA","#53b2e0"
"2019","11","LA PAMPA","133","FRENTE DE IZQUIERDA Y DE TRABAJADORES - UNIDAD","#ab2828"
"2019","11","LA PAMPA","135","JUNTOS POR EL CAMBIO","#fcd200"
"2019","11","LA PAMPA","136","FRENTE DE TODOS","#00a9e8"
"2019","11","LA PAMPA","137","CONSENSO FEDERAL","#29307c"
"2019","11","LA PAMPA","36","PARTIDO AUTONOMISTA","#f6243a"
"2019","11","LA PAMPA","87","UNITE POR LA LIBERTAD Y LA DIGNIDAD","#68bade"
"2019","12","LA RIOJA","12-501","FRENTE DE IZQUIERDA Y DE TRABAJADORES - UNIDAD","#ab2828"
"2019","12","LA RIOJA","12-503","FRENTE DE TODOS","#00a9e8"
"2019","12","LA RIOJA","13","MOVIMIENTO AL SOCIALISMO","#dc0c1a"
"2019","12","LA RIOJA","131","FRENTE NOS","#4985fd"
"2019","12","LA RIOJA","132","FRENTE PATRIOTA","#53b2e0"
"2019","12","LA RIOJA","133","FRENTE DE IZQUIERDA Y DE TRABAJADORES - UNIDAD","#ab2828"
"2019","12","LA RIOJA","135","JUNTOS POR EL CAMBIO","#fcd200"
"2019","12","LA RIOJA","136","FRENTE DE TODOS","#00a9e8"
"2019","12","LA RIOJA","137","CONSENSO FEDERAL","#29307c"
"2019","12","LA RIOJA","36","PARTIDO AUTONOMISTA","#f6243a"
"2019","12","LA RIOJA","87","UNITE POR LA LIBERTAD Y LA DIGNIDAD","#68bade"
"2019","13","MENDOZA","13","MOVIMIENTO AL SOCIALISMO","#dc0c1a"
"2019","13","MENDOZA","13-501","FRENTE DE IZQUIERDA Y DE TRABAJADORES - UNIDAD","#ab2828"
"2019","13","MENDOZA","13-502","FRENTE DE TODOS","#00a9e8"
"2019","13","MENDOZA","13-503","CAMBIA MENDOZA","#901a7b"
"2019","13","MENDOZA","131","FRENTE NOS","#4985fd"
"2019","13","MENDOZA","132","FRENTE PATRIOTA","#53b2e0"
"2019","13","MENDOZA","133","FRENTE DE IZQUIERDA Y DE TRABAJADORES - UNIDAD","#ab2828"
"2019","13","MENDOZA","135","JUNTOS POR EL CAMBIO","#fcd200"
"2019","13","MENDOZA","136","FRENTE DE TODOS","#00a9e8"
"2019","13","MENDOZA","137","CONSENSO FEDERAL","#29307c"
"2019","13","MENDOZA","36","PARTIDO AUTONOMISTA","#f6243a"
"2019","13","MENDOZA","87","UNITE POR LA LIBERTAD Y LA DIGNIDAD","#68bade"
"2019","14","MISIONES","13","MOVIMIENTO AL SOCIALISMO","#dc0c1a"
"2019","14","MISIONES","131","FRENTE NOS","#4985fd"
"2019","14","MISIONES","132","FRENTE PATRIOTA","#53b2e0"
"2019","14","MISIONES","133","FRENTE DE IZQUIERDA Y DE TRABAJADORES - UNIDAD","#ab2828"
"2019","14","MISIONES","135","JUNTOS POR EL CAMBIO","#fcd200"
"2019","14","MISIONES","136","FRENTE DE TODOS","#00a9e8"
"2019","14","MISIONES","137","CONSENSO FEDERAL","#29307c"
"2019","14","MISIONES","14-501","FRENTE RENOVADOR DE LA CONCORDIA","#901a7b"
"2019","14","MISIONES","14-502","FRENTE DE TODOS","#00a9e8"
"2019","14","MISIONES","14-503","JUNTOS POR EL CAMBIO","#fcd200"
"2019","14","MISIONES","36","PARTIDO AUTONOMISTA","#f6243a"
"2019","14","MISIONES","87","UNITE POR LA LIBERTAD Y LA DIGNIDAD","#68bade"
"2019","15","NEUQUÉN","13","MOVIMIENTO AL SOCIALISMO","#dc0c1a"
"2019","15","NEUQUÉN","131","FRENTE NOS","#4985fd"
"2019","15","NEUQUÉN","132","FRENTE PATRIOTA","#53b2e0"
"2019","15","NEUQUÉN","133","FRENTE DE IZQUIERDA Y DE TRABAJADORES - UNIDAD","#ab2828"
"2019","15","NEUQUÉN","135","JUNTOS POR EL CAMBIO","#fcd200"
"2019","15","NEUQUÉN","136","FRENTE DE TODOS","#00a9e8"
"2019","15","NEUQUÉN","137","CONSENSO FEDERAL","#29307c"
"2019","15","NEUQUÉN","15-151","MOVIMIENTO POPULAR NEUQUINO","#901a7b"
"2019","15","NEUQUÉN","15-501","JUNTOS POR EL CAMBIO","#fcd200"
"2019","15","NEUQUÉN","15-502","FRENTE DE IZQUIERDA Y DE TRABAJADORES - UNIDAD","#ab2828"
"2019","15","NEUQUÉN","15-503","FRENTE DE TODOS","#00a9e8"
"2019","15","NEUQUÉN","15-504","CONSENSO FEDERAL","#29307c"
"2019","15","NEUQUÉN","36","PARTIDO AUTONOMISTA","#f6243a"
"2019","15","NEUQUÉN","87","UNITE POR LA LIBERTAD Y LA DIGNIDAD","#68bade"
"2019","16","RÍO NEGRO","13","MOVIMIENTO AL SOCIALISMO","#dc0c1a"
"2019","16","RÍO NEGRO","131","FRENTE NOS","#4985fd"
"2019","16","RÍO NEGRO","132","FRENTE PATRIOTA","#53b2e0"
"2019","16","RÍO NEGRO","133","FRENTE DE IZQUIERDA Y DE TRABAJADORES - UNIDAD","#ab2828"
"2019","16","RÍO NEGRO","135","JUNTOS POR EL CAMBIO","#fcd200"
"2019","16","RÍO NEGRO","136","FRENTE DE TODOS","#00a9e8"
"2019","16","RÍO NEGRO","137","CONSENSO FEDERAL","#29307c"
"2019","16","RÍO NEGRO","16-169","JUNTOS SOMOS RIO NEGRO","#901a7b"
"2019","16","RÍO NEGRO","16-501","JUNTOS POR EL CAMBIO","#fcd200"
"2019","16","RÍO NEGRO","16-502","FRENTE DE TODOS","#00a9e8"
"2019","16","RÍO NEGRO","16-503","FRENTE DE IZQUIERDA Y DE TRABAJADORES - UNIDAD","#ab2828"
"2019","16","RÍO NEGRO","36","PARTIDO AUTONOMISTA","#f6243a"
"2019","16","RÍO NEGRO","87","UNITE POR LA LIBERTAD Y LA DIGNIDAD","#68bade"
"2019","17","SALTA","13","MOVIMIENTO AL SOCIALISMO","#dc0c1a"
"2019","17","SALTA","131","FRENTE NOS","#4985fd"
"2019","17","SALTA","132","FRENTE PATRIOTA","#53b2e0"
"2019","17","SALTA","133","FRENTE DE IZQUIERDA Y DE TRABAJADORES - UNIDAD","#ab2828"
"2019","17","SALTA","135","JUNTOS POR EL CAMBIO","#fcd200"
"2019","17","SALTA","136","FRENTE DE TODOS","#00a9e8"
"2019","17","SALTA","137","CONSENSO FEDERAL","#29307c"
"2019","17","SALTA","17-501","FRENTE DE TODOS","#00a9e8"
"2019","17","SALTA","17-503","JUNTOS POR EL CAMBIO","#fcd200"
"2019","17","SALTA","17-504","FRENTE DE IZQUIERDA Y DE TRABAJADORES - UNIDAD","#ab2828"
"2019","17","SALTA","36","PARTIDO AUTONOMISTA","#f6243a"
"2019","17","SALTA","87","UNITE POR LA LIBERTAD Y LA DIGNIDAD","#68bade"
"2019","18","SAN JUAN","13","MOVIMIENTO AL SOCIALISMO","#dc0c1a"
"2019","18","SAN JUAN","131","FRENTE NOS","#4985fd"
"2019","18","SAN JUAN","132","FRENTE PATRIOTA","#53b2e0"
"2019","18","SAN JUAN","133","FRENTE DE IZQUIERDA Y DE TRABAJADORES - UNIDAD","#ab2828"
"2019","18","SAN JUAN","135","JUNTOS POR EL CAMBIO","#fcd200"
"2019","18","SAN JUAN","136","FRENTE DE TODOS","#00a9e8"
"2019","18","SAN JUAN","137","CONSENSO FEDERAL","#29307c"
"2019","18","SAN JUAN","18-501","FRENTE DE TODOS","#00a9e8"
"2019","18","SAN JUAN","18-502","FRENTE DE IZQUIERDA Y DE TRABAJADORES - UNIDAD","#ab2828"
"2019","18","SAN JUAN","18-503","JUNTOS POR EL CAMBIO","#fcd200"
"2019","18","SAN JUAN","18-504","CONSENSO FEDERAL","#29307c"
"2019","18","SAN JUAN","36","PARTIDO AUTONOMISTA","#f6243a"
"2019","18","SAN JUAN","87","UNITE POR LA LIBERTAD Y LA DIGNIDAD","#68bade"
"2019","19","SAN LUIS","13","MOVIMIENTO AL SOCIALISMO","#dc0c1a"
"2019","19","SAN LUIS","131","FRENTE NOS","#4985fd"
"2019","19","SAN LUIS","132","FRENTE PATRIOTA","#53b2e0"
"2019","19","SAN LUIS","133","FRENTE DE IZQUIERDA Y DE TRABAJADORES - UNIDAD","#ab2828"
"2019","19","SAN LUIS","135","JUNTOS POR EL CAMBIO","#fcd200"
"2019","19","SAN LUIS","136","FRENTE DE TODOS","#00a9e8"
"2019","19","SAN LUIS","137","CONSENSO FEDERAL","#29307c"
"2019","19","SAN LUIS","19-213","MOVIMIENTO AL SOCIALISMO","#dc0c1a"
"2019","19","SAN LUIS","19-501","FRENTE DE IZQUIERDA Y DE TRABAJADORES - UNIDAD","#ab2828"
"2019","19","SAN LUIS","19-502","JUNTOS POR EL CAMBIO","#fcd200"
"2019","19","SAN LUIS","19-503","FRENTE DE TODOS","#00a9e8"
"2019","19","SAN LUIS","36","PARTIDO AUTONOMISTA","#f6243a"
"2019","19","SAN LUIS","87","UNITE POR LA LIBERTAD Y LA DIGNIDAD","#68bade"
"2019","20","SANTA CRUZ","13","MOVIMIENTO AL SOCIALISMO","#dc0c1a"
"2019","20","SANTA CRUZ","131","FRENTE NOS","#4985fd"
"2019","20","SANTA CRUZ","132","FRENTE PATRIOTA","#53b2e0"
"2019","20","SANTA CRUZ","133","FRENTE DE IZQUIERDA Y DE TRABAJADORES - UNIDAD","#ab2828"
"2019","20","SANTA CRUZ","135","JUNTOS POR EL CAMBIO","#fcd200"
"2019","20","SANTA CRUZ","136","FRENTE DE TODOS","#00a9e8"
"2019","20","SANTA CRUZ","137","CONSENSO FEDERAL","#29307c"
"2019","20","SANTA CRUZ","20-176","FRENTE RENOVADOR AUTENTICO","#0e3c60"
"2019","20","SANTA CRUZ","20-501","FRENTE DE IZQUIERDA Y DE TRABAJADORES - UNIDAD","#ab2828"
"2019","20","SANTA CRUZ","20-502","FRENTE DE TODOS","#00a9e8"
"2019","20","SANTA CRUZ","20-503","JUNTOS POR EL CAMBIO","#fcd200"
"2019","20","SANTA CRUZ","36","PARTIDO AUTONOMISTA","#f6243a"
"2019","20","SANTA CRUZ","87","UNITE POR LA LIBERTAD Y LA DIGNIDAD","#68bade"
"2019","21","SANTA FE","13","MOVIMIENTO AL SOCIALISMO","#dc0c1a"
"2019","21","SANTA FE","131","FRENTE NOS","#4985fd"
"2019","21","SANTA FE","132","FRENTE PATRIOTA","#53b2e0"
"2019","21","SANTA FE","133","FRENTE DE IZQUIERDA Y DE TRABAJADORES - UNIDAD","#ab2828"
"2019","21","SANTA FE","135","JUNTOS POR EL CAMBIO","#fcd200"
"2019","21","SANTA FE","136","FRENTE DE TODOS","#00a9e8"
"2019","21","SANTA FE","137","CONSENSO FEDERAL","#29307c"
"2019","21","SANTA FE","21-501","FRENTE NOS","#4985fd"
"2019","21","SANTA FE","21-502","CONSENSO FEDERAL","#29307c"
"2019","21","SANTA FE","21-503","FRENTE DE IZQUIERDA Y DE TRABAJADORES - UNIDAD","#ab2828"
"2019","21","SANTA FE","21-504","JUNTOS POR EL CAMBIO","#fcd200"
"2019","21","SANTA FE","21-505","FRENTE DE TODOS","#00a9e8"
"2019","21","SANTA FE","36","PARTIDO AUTONOMISTA","#f6243a"
"2019","21","SANTA FE","87","UNITE POR LA LIBERTAD Y LA DIGNIDAD","#68bade"
"2019","22","SANTIAGO DEL ESTERO","13","MOVIMIENTO AL SOCIALISMO","#dc0c1a"
"2019","22","SANTIAGO DEL ESTERO","131","FRENTE NOS","#4985fd"
"2019","22","SANTIAGO DEL ESTERO","132","FRENTE PATRIOTA","#53b2e0"
"2019","22","SANTIAGO DEL ESTERO","133","FRENTE DE IZQUIERDA Y DE TRABAJADORES - UNIDAD","#ab2828"
"2019","22","SANTIAGO DEL ESTERO","135","JUNTOS POR EL CAMBIO","#fcd200"
"2019","22","SANTIAGO DEL ESTERO","136","FRENTE DE TODOS","#00a9e8"
"2019","22","SANTIAGO DEL ESTERO","137","CONSENSO FEDERAL","#29307c"
"2019","22","SANTIAGO DEL ESTERO","22-179","PARTIDO DIGNIDAD POPULAR","#90b2dc"
"2019","22","SANTIAGO DEL ESTERO","22-502","FRENTE DE TODOS","#00a9e8"
"2019","22","SANTIAGO DEL ESTERO","22-503","JUNTOS POR EL CAMBIO","#fcd200"
"2019","22","SANTIAGO DEL ESTERO","36","PARTIDO AUTONOMISTA","#f6243a"
"2019","22","SANTIAGO DEL ESTERO","87","UNITE POR LA LIBERTAD Y LA DIGNIDAD","#68bade"
"2019","23","TUCUMÁN","13","MOVIMIENTO AL SOCIALISMO","#dc0c1a"
"2019","23","TUCUMÁN","131","FRENTE NOS","#4985fd"
"2019","23","TUCUMÁN","132","FRENTE PATRIOTA","#53b2e0"
"2019","23","TUCUMÁN","133","FRENTE DE IZQUIERDA Y DE TRABAJADORES - UNIDAD","#ab2828"
"2019","23","TUCUMÁN","135","JUNTOS POR EL CAMBIO","#fcd200"
"2019","23","TUCUMÁN","136","FRENTE DE TODOS","#00a9e8"
"2019","23","TUCUMÁN","137","CONSENSO FEDERAL","#29307c"
"2019","23","TUCUMÁN","23-501","FRENTE DE TODOS","#00a9e8"
"2019","23","TUCUMÁN","23-502","JUNTOS POR EL CAMBIO","#fcd200"
"2019","23","TUCUMÁN","23-503","FRENTE DE IZQUIERDA Y DE TRABAJADORES - UNIDAD","#ab2828"
"2019","23","TUCUMÁN","23-504","CONSENSO FEDERAL","#29307c"
"2019","23","TUCUMÁN","36","PARTIDO AUTONOMISTA","#f6243a"
"2019","23","TUCUMÁN","87","UNITE POR LA LIBERTAD Y LA DIGNIDAD","#68bade"
"2019","24","TIERRA DEL FUEGO","13","MOVIMIENTO AL SOCIALISMO","#dc0c1a"
"2019","24","TIERRA DEL FUEGO","131","FRENTE NOS","#4985fd"
"2019","24","TIERRA DEL FUEGO","132","FRENTE PATRIOTA","#53b2e0"
"2019","24","TIERRA DEL FUEGO","133","FRENTE DE IZQUIERDA Y DE TRABAJADORES - UNIDAD","#ab2828"
"2019","24","TIERRA DEL FUEGO","135","JUNTOS POR EL CAMBIO","#fcd200"
"2019","24","TIERRA DEL FUEGO","136","FRENTE DE TODOS","#00a9e8"
"2019","24","TIERRA DEL FUEGO","137","CONSENSO FEDERAL","#29307c"
"2019","24","TIERRA DEL FUEGO","24-501","FRENTE DE TODOS","#00a9e8"
"2019","24","TIERRA DEL FUEGO","24-502","JUNTOS POR EL CAMBIO","#fcd200"
"2019","24","TIERRA DEL FUEGO","36","PARTIDO AUTONOMISTA","#f6243a"
"2019","24","TIERRA DEL FUEGO","87","UNITE POR LA LIBERTAD Y LA DIGNIDAD","#68bade"
"2019","0","ARGENTINA","01-187","AUTODETERMINACION Y LIBERTAD","#4d2e6e"
"2019","0","ARGENTINA","01-501","FRENTE DE IZQUIERDA Y DE TRABAJADORES - UNIDAD","#ab2828"
"2019","0","ARGENTINA","01-502","FRENTE DE TODOS","#00a9e8"
"2019","0","ARGENTINA","01-503","JUNTOS POR EL CAMBIO","#fcd200"
"2019","0","ARGENTINA","01-504","CONSENSO FEDERAL","#29307c"
"2019","0","ARGENTINA","13","MOVIMIENTO AL SOCIALISMO","#dc0c1a"
"2019","0","ARGENTINA","131","FRENTE NOS","#4985fd"
"2019","0","ARGENTINA","132","FRENTE PATRIOTA","#53b2e0"
"2019","0","ARGENTINA","133","FRENTE DE IZQUIERDA Y DE TRABAJADORES - UNIDAD","#ab2828"
"2019","0","ARGENTINA","135","JUNTOS POR EL CAMBIO","#fcd200"
"2019","0","ARGENTINA","136","FRENTE DE TODOS","#00a9e8"
"2019","0","ARGENTINA","137","CONSENSO FEDERAL","#29307c"
"2019","0","ARGENTINA","36","PARTIDO AUTONOMISTA","#f6243a"
"2019","0","ARGENTINA","5","DEMOCRATA CRISTIANO","#488fe7"
"2019","0","ARGENTINA","57","MOVIMIENTO DE ACCION VECINAL","#21b31a"
"2019","0","ARGENTINA","86","FRENTE RENOVADOR AUTENTICO","#0e3c60"
"2019","0","ARGENTINA","87","UNITE POR LA LIBERTAD Y LA DIGNIDAD","#68bade"
"2019","0","ARGENTINA","88","PARTIDO DIGNIDAD POPULAR","#90b2dc"
"2019","0","ARGENTINA","02-1911","FRENTE NOS","#4985fd"
"2019","0","ARGENTINA","02-207","PARTIDO HUMANISTA","#ff5900"
"2019","0","ARGENTINA","02-309","MOVIMIENTO ORGANIZACION DEMOCRATICA","#f3b202"
"2019","0","ARGENTINA","02-312","FRENTE PATRIOTA","#53b2e0"
"2019","0","ARGENTINA","02-503","FRENTE DE TODOS","#00a9e8"
"2019","0","ARGENTINA","02-697","ACCION POR VILLARINO","#6bbb9f"
"2019","0","ARGENTINA","02-792","UNION VECINAL SALLIQUELO","#008039"
"2019","0","ARGENTINA","02-809","BIEN COMUN POR ROSALES","#009f45"
"2019","0","ARGENTINA","02-816","PARTIDO DIGNIDAD POPULAR","#90b2dc"
"2019","0","ARGENTINA","02-858","TODOS POR SAAVEDRA","#83b44d"
"2019","0","ARGENTINA","02-865","FRENTE PATRIOTA","#53b2e0"
"2019","0","ARGENTINA","02-868","AGRUPACION MUNICIPAL PRIMERO LOBOS","#1159a3"
"2019","0","ARGENTINA","02-888","UNIDAD Y ACCION POR MAR CHIQUITA","#5667f5"
"2019","0","ARGENTINA","13","MOVIMIENTO AL SOCIALISMO","#dc0c1a"
"2019","0","ARGENTINA","131","FRENTE NOS","#4985fd"
"2019","0","ARGENTINA","132","FRENTE PATRIOTA","#53b2e0"
"2019","0","ARGENTINA","133","FRENTE DE IZQUIERDA Y DE TRABAJADORES - UNIDAD","#ab2828"
"2019","0","ARGENTINA","135","JUNTOS POR EL CAMBIO","#fcd200"
"2019","0","ARGENTINA","136","FRENTE DE TODOS","#00a9e8"
"2019","0","ARGENTINA","137","CONSENSO FEDERAL","#29307c"
"2019","0","ARGENTINA","36","PARTIDO AUTONOMISTA","#f6243a"
"2019","0","ARGENTINA","87","UNITE POR LA LIBERTAD Y LA DIGNIDAD","#68bade"
"2019","0","ARGENTINA","03-218","UNION DEL CENTRO DEMOCRATICO","#167a32"
"2019","0","ARGENTINA","03-503","FRENTE DE TODOS","#00a9e8"
"2019","0","ARGENTINA","03-504","CONSENSO FEDERAL","#29307c"
"2019","0","ARGENTINA","03-505","FRENTE DE IZQUIERDA Y DE TRABAJADORES - UNIDAD","#ab2828"
"2019","0","ARGENTINA","03-506","JUNTOS POR EL CAMBIO","#fcd200"
"2019","0","ARGENTINA","13","MOVIMIENTO AL SOCIALISMO","#dc0c1a"
"2019","0","ARGENTINA","131","FRENTE NOS","#4985fd"
"2019","0","ARGENTINA","132","FRENTE PATRIOTA","#53b2e0"
"2019","0","ARGENTINA","133","FRENTE DE IZQUIERDA Y DE TRABAJADORES - UNIDAD","#ab2828"
"2019","0","ARGENTINA","135","JUNTOS POR EL CAMBIO","#fcd200"
"2019","0","ARGENTINA","136","FRENTE DE TODOS","#00a9e8"
"2019","0","ARGENTINA","137","CONSENSO FEDERAL","#29307c"
"2019","0","ARGENTINA","36","PARTIDO AUTONOMISTA","#f6243a"
"2019","0","ARGENTINA","87","UNITE POR LA LIBERTAD Y LA DIGNIDAD","#68bade"
"2019","0","ARGENTINA","04-217","ENCUENTRO VECINAL CORDOBA","#f26b34"
"2019","0","ARGENTINA","04-502","JUNTOS POR EL CAMBIO","#fcd200"
"2019","0","ARGENTINA","04-503","HACEMOS POR CORDOBA","#0195d6"
"2019","0","ARGENTINA","04-504","FRENTE DE IZQUIERDA Y DE TRABAJADORES - UNIDAD","#ab2828"
"2019","0","ARGENTINA","04-505","FRENTE DE TODOS","#00a9e8"
"2019","0","ARGENTINA","04-506","CONSENSO FEDERAL","#29307c"
"2019","0","ARGENTINA","13","MOVIMIENTO AL SOCIALISMO","#dc0c1a"
"2019","0","ARGENTINA","131","FRENTE NOS","#4985fd"
"2019","0","ARGENTINA","132","FRENTE PATRIOTA","#53b2e0"
"2019","0","ARGENTINA","133","FRENTE DE IZQUIERDA Y DE TRABAJADORES - UNIDAD","#ab2828"
"2019","0","ARGENTINA","135","JUNTOS POR EL CAMBIO","#fcd200"
"2019","0","ARGENTINA","136","FRENTE DE TODOS","#00a9e8"
"2019","0","ARGENTINA","137","CONSENSO FEDERAL","#29307c"
"2019","0","ARGENTINA","36","PARTIDO AUTONOMISTA","#f6243a"
"2019","0","ARGENTINA","87","UNITE POR LA LIBERTAD Y LA DIGNIDAD","#68bade"
"2019","0","ARGENTINA","05-501","FRENTE DE TODOS","#00a9e8"
"2019","0","ARGENTINA","05-502","ENCUENTRO POR CORRIENTES - ECO + JUNTOS POR EL CAMBIO","#fcd200"
"2019","0","ARGENTINA","05-503","CONSENSO FEDERAL","#29307c"
"2019","0","ARGENTINA","13","MOVIMIENTO AL SOCIALISMO","#dc0c1a"
"2019","0","ARGENTINA","131","FRENTE NOS","#4985fd"
"2019","0","ARGENTINA","132","FRENTE PATRIOTA","#53b2e0"
"2019","0","ARGENTINA","133","FRENTE DE IZQUIERDA Y DE TRABAJADORES - UNIDAD","#ab2828"
"2019","0","ARGENTINA","135","JUNTOS POR EL CAMBIO","#fcd200"
"2019","0","ARGENTINA","136","FRENTE DE TODOS","#00a9e8"
"2019","0","ARGENTINA","137","CONSENSO FEDERAL","#29307c"
"2019","0","ARGENTINA","36","PARTIDO AUTONOMISTA","#f6243a"
"2019","0","ARGENTINA","87","UNITE POR LA LIBERTAD Y LA DIGNIDAD","#68bade"
"2019","0","ARGENTINA","06-501","FRENTE DE TODOS","#00a9e8"
"2019","0","ARGENTINA","06-503","JUNTOS POR EL CAMBIO","#fcd200"
"2019","0","ARGENTINA","06-504","CONSENSO FEDERAL","#29307c"
"2019","0","ARGENTINA","13","MOVIMIENTO AL SOCIALISMO","#dc0c1a"
"2019","0","ARGENTINA","131","FRENTE NOS","#4985fd"
"2019","0","ARGENTINA","132","FRENTE PATRIOTA","#53b2e0"
"2019","0","ARGENTINA","133","FRENTE DE IZQUIERDA Y DE TRABAJADORES - UNIDAD","#ab2828"
"2019","0","ARGENTINA","135","JUNTOS POR EL CAMBIO","#fcd200"
"2019","0","ARGENTINA","136","FRENTE DE TODOS","#00a9e8"
"2019","0","ARGENTINA","137","CONSENSO FEDERAL","#29307c"
"2019","0","ARGENTINA","36","PARTIDO AUTONOMISTA","#f6243a"
"2019","0","ARGENTINA","87","UNITE POR LA LIBERTAD Y LA DIGNIDAD","#68bade"
"2019","0","ARGENTINA","07-501","FRENTE DE TODOS","#00a9e8"
"2019","0","ARGENTINA","07-503","JUNTOS POR EL CAMBIO","#fcd200"
"2019","0","ARGENTINA","07-504","FRENTE DE IZQUIERDA Y DE TRABAJADORES - UNIDAD","#ab2828"
"2019","0","ARGENTINA","13","MOVIMIENTO AL SOCIALISMO","#dc0c1a"
"2019","0","ARGENTINA","131","FRENTE NOS","#4985fd"
"2019","0","ARGENTINA","132","FRENTE PATRIOTA","#53b2e0"
"2019","0","ARGENTINA","133","FRENTE DE IZQUIERDA Y DE TRABAJADORES - UNIDAD","#ab2828"
"2019","0","ARGENTINA","135","JUNTOS POR EL CAMBIO","#fcd200"
"2019","0","ARGENTINA","136","FRENTE DE TODOS","#00a9e8"
"2019","0","ARGENTINA","137","CONSENSO FEDERAL","#29307c"
"2019","0","ARGENTINA","36","PARTIDO AUTONOMISTA","#f6243a"
"2019","0","ARGENTINA","87","UNITE POR LA LIBERTAD Y LA DIGNIDAD","#68bade"
"2019","0","ARGENTINA","08-501","FRENTE DE TODOS","#00a9e8"
"2019","0","ARGENTINA","08-502","JUNTOS POR EL CAMBIO","#fcd200"
"2019","0","ARGENTINA","13","MOVIMIENTO AL SOCIALISMO","#dc0c1a"
"2019","0","ARGENTINA","131","FRENTE NOS","#4985fd"
"2019","0","ARGENTINA","132","FRENTE PATRIOTA","#53b2e0"
"2019","0","ARGENTINA","133","FRENTE DE IZQUIERDA Y DE TRABAJADORES - UNIDAD","#ab2828"
"2019","0","ARGENTINA","135","JUNTOS POR EL CAMBIO","#fcd200"
"2019","0","ARGENTINA","136","FRENTE DE TODOS","#00a9e8"
"2019","0","ARGENTINA","137","CONSENSO FEDERAL","#29307c"
"2019","0","ARGENTINA","36","PARTIDO AUTONOMISTA","#f6243a"
"2019","0","ARGENTINA","68","NUEVA IZQUIERDA","#ab2828"
"2019","0","ARGENTINA","87","UNITE POR LA LIBERTAD Y LA DIGNIDAD","#68bade"
"2019","0","ARGENTINA","09-501","FRENTE DE TODOS","#00a9e8"
"2019","0","ARGENTINA","09-502","CONSENSO FEDERAL","#29307c"
"2019","0","ARGENTINA","09-503","FRENTE AMPLIO FORMOSE„O JUNTOS POR EL CAMBIO","#fcd200"
"2019","0","ARGENTINA","13","MOVIMIENTO AL SOCIALISMO","#dc0c1a"
"2019","0","ARGENTINA","131","FRENTE NOS","#4985fd"
"2019","0","ARGENTINA","132","FRENTE PATRIOTA","#53b2e0"
"2019","0","ARGENTINA","133","FRENTE DE IZQUIERDA Y DE TRABAJADORES - UNIDAD","#ab2828"
"2019","0","ARGENTINA","135","JUNTOS POR EL CAMBIO","#fcd200"
"2019","0","ARGENTINA","136","FRENTE DE TODOS","#00a9e8"
"2019","0","ARGENTINA","137","CONSENSO FEDERAL","#29307c"
"2019","0","ARGENTINA","36","PARTIDO AUTONOMISTA","#f6243a"
"2019","0","ARGENTINA","87","UNITE POR LA LIBERTAD Y LA DIGNIDAD","#68bade"
"2019","0","ARGENTINA","10-501","FRENTE DE TODOS","#00a9e8"
"2019","0","ARGENTINA","10-502","JUNTOS POR EL CAMBIO","#fcd200"
"2019","0","ARGENTINA","10-503","CONSENSO FEDERAL","#29307c"
"2019","0","ARGENTINA","10-504","FRENTE DE IZQUIERDA Y DE TRABAJADORES - UNIDAD","#ab2828"
"2019","0","ARGENTINA","13","MOVIMIENTO AL SOCIALISMO","#dc0c1a"
"2019","0","ARGENTINA","131","FRENTE NOS","#4985fd"
"2019","0","ARGENTINA","132","FRENTE PATRIOTA","#53b2e0"
"2019","0","ARGENTINA","133","FRENTE DE IZQUIERDA Y DE TRABAJADORES - UNIDAD","#ab2828"
"2019","0","ARGENTINA","135","JUNTOS POR EL CAMBIO","#fcd200"
"2019","0","ARGENTINA","136","FRENTE DE TODOS","#00a9e8"
"2019","0","ARGENTINA","137","CONSENSO FEDERAL","#29307c"
"2019","0","ARGENTINA","36","PARTIDO AUTONOMISTA","#f6243a"
"2019","0","ARGENTINA","87","UNITE POR LA LIBERTAD Y LA DIGNIDAD","#68bade"
"2019","0","ARGENTINA","11-501","FRENTE DE TODOS","#00a9e8"
"2019","0","ARGENTINA","11-502","JUNTOS POR EL CAMBIO","#fcd200"
"2019","0","ARGENTINA","11-503","FRENTE DE IZQUIERDA Y DE TRABAJADORES - UNIDAD","#ab2828"
"2019","0","ARGENTINA","13","MOVIMIENTO AL SOCIALISMO","#dc0c1a"
"2019","0","ARGENTINA","131","FRENTE NOS","#4985fd"
"2019","0","ARGENTINA","132","FRENTE PATRIOTA","#53b2e0"
"2019","0","ARGENTINA","133","FRENTE DE IZQUIERDA Y DE TRABAJADORES - UNIDAD","#ab2828"
"2019","0","ARGENTINA","135","JUNTOS POR EL CAMBIO","#fcd200"
"2019","0","ARGENTINA","136","FRENTE DE TODOS","#00a9e8"
"2019","0","ARGENTINA","137","CONSENSO FEDERAL","#29307c"
"2019","0","ARGENTINA","36","PARTIDO AUTONOMISTA","#f6243a"
"2019","0","ARGENTINA","87","UNITE POR LA LIBERTAD Y LA DIGNIDAD","#68bade"
"2019","0","ARGENTINA","12-501","FRENTE DE IZQUIERDA Y DE TRABAJADORES - UNIDAD","#ab2828"
"2019","0","ARGENTINA","12-503","FRENTE DE TODOS","#00a9e8"
"2019","0","ARGENTINA","13","MOVIMIENTO AL SOCIALISMO","#dc0c1a"
"2019","0","ARGENTINA","131","FRENTE NOS","#4985fd"
"2019","0","ARGENTINA","132","FRENTE PATRIOTA","#53b2e0"
"2019","0","ARGENTINA","133","FRENTE DE IZQUIERDA Y DE TRABAJADORES - UNIDAD","#ab2828"
"2019","0","ARGENTINA","135","JUNTOS POR EL CAMBIO","#fcd200"
"2019","0","ARGENTINA","136","FRENTE DE TODOS","#00a9e8"
"2019","0","ARGENTINA","137","CONSENSO FEDERAL","#29307c"
"2019","0","ARGENTINA","36","PARTIDO AUTONOMISTA","#f6243a"
"2019","0","ARGENTINA","87","UNITE POR LA LIBERTAD Y LA DIGNIDAD","#68bade"
"2019","0","ARGENTINA","13","MOVIMIENTO AL SOCIALISMO","#dc0c1a"
"2019","0","ARGENTINA","13-501","FRENTE DE IZQUIERDA Y DE TRABAJADORES - UNIDAD","#ab2828"
"2019","0","ARGENTINA","13-502","FRENTE DE TODOS","#00a9e8"
"2019","0","ARGENTINA","13-503","CAMBIA MENDOZA","#901a7b"
"2019","0","ARGENTINA","131","FRENTE NOS","#4985fd"
"2019","0","ARGENTINA","132","FRENTE PATRIOTA","#53b2e0"
"2019","0","ARGENTINA","133","FRENTE DE IZQUIERDA Y DE TRABAJADORES - UNIDAD","#ab2828"
"2019","0","ARGENTINA","135","JUNTOS POR EL CAMBIO","#fcd200"
"2019","0","ARGENTINA","136","FRENTE DE TODOS","#00a9e8"
"2019","0","ARGENTINA","137","CONSENSO FEDERAL","#29307c"
"2019","0","ARGENTINA","36","PARTIDO AUTONOMISTA","#f6243a"
"2019","0","ARGENTINA","87","UNITE POR LA LIBERTAD Y LA DIGNIDAD","#68bade"
"2019","0","ARGENTINA","13","MOVIMIENTO AL SOCIALISMO","#dc0c1a"
"2019","0","ARGENTINA","131","FRENTE NOS","#4985fd"
"2019","0","ARGENTINA","132","FRENTE PATRIOTA","#53b2e0"
"2019","0","ARGENTINA","133","FRENTE DE IZQUIERDA Y DE TRABAJADORES - UNIDAD","#ab2828"
"2019","0","ARGENTINA","135","JUNTOS POR EL CAMBIO","#fcd200"
"2019","0","ARGENTINA","136","FRENTE DE TODOS","#00a9e8"
"2019","0","ARGENTINA","137","CONSENSO FEDERAL","#29307c"
"2019","0","ARGENTINA","14-501","FRENTE RENOVADOR DE LA CONCORDIA","#901a7b"
"2019","0","ARGENTINA","14-502","FRENTE DE TODOS","#00a9e8"
"2019","0","ARGENTINA","14-503","JUNTOS POR EL CAMBIO","#fcd200"
"2019","0","ARGENTINA","36","PARTIDO AUTONOMISTA","#f6243a"
"2019","0","ARGENTINA","87","UNITE POR LA LIBERTAD Y LA DIGNIDAD","#68bade"
"2019","0","ARGENTINA","13","MOVIMIENTO AL SOCIALISMO","#dc0c1a"
"2019","0","ARGENTINA","131","FRENTE NOS","#4985fd"
"2019","0","ARGENTINA","132","FRENTE PATRIOTA","#53b2e0"
"2019","0","ARGENTINA","133","FRENTE DE IZQUIERDA Y DE TRABAJADORES - UNIDAD","#ab2828"
"2019","0","ARGENTINA","135","JUNTOS POR EL CAMBIO","#fcd200"
"2019","0","ARGENTINA","136","FRENTE DE TODOS","#00a9e8"
"2019","0","ARGENTINA","137","CONSENSO FEDERAL","#29307c"
"2019","0","ARGENTINA","15-151","MOVIMIENTO POPULAR NEUQUINO","#901a7b"
"2019","0","ARGENTINA","15-501","JUNTOS POR EL CAMBIO","#fcd200"
"2019","0","ARGENTINA","15-502","FRENTE DE IZQUIERDA Y DE TRABAJADORES - UNIDAD","#ab2828"
"2019","0","ARGENTINA","15-503","FRENTE DE TODOS","#00a9e8"
"2019","0","ARGENTINA","15-504","CONSENSO FEDERAL","#29307c"
"2019","0","ARGENTINA","36","PARTIDO AUTONOMISTA","#f6243a"
"2019","0","ARGENTINA","87","UNITE POR LA LIBERTAD Y LA DIGNIDAD","#68bade"
"2019","0","ARGENTINA","13","MOVIMIENTO AL SOCIALISMO","#dc0c1a"
"2019","0","ARGENTINA","131","FRENTE NOS","#4985fd"
"2019","0","ARGENTINA","132","FRENTE PATRIOTA","#53b2e0"
"2019","0","ARGENTINA","133","FRENTE DE IZQUIERDA Y DE TRABAJADORES - UNIDAD","#ab2828"
"2019","0","ARGENTINA","135","JUNTOS POR EL CAMBIO","#fcd200"
"2019","0","ARGENTINA","136","FRENTE DE TODOS","#00a9e8"
"2019","0","ARGENTINA","137","CONSENSO FEDERAL","#29307c"
"2019","0","ARGENTINA","16-169","JUNTOS SOMOS RIO NEGRO","#901a7b"
"2019","0","ARGENTINA","16-501","JUNTOS POR EL CAMBIO","#fcd200"
"2019","0","ARGENTINA","16-502","FRENTE DE TODOS","#00a9e8"
"2019","0","ARGENTINA","16-503","FRENTE DE IZQUIERDA Y DE TRABAJADORES - UNIDAD","#ab2828"
"2019","0","ARGENTINA","36","PARTIDO AUTONOMISTA","#f6243a"
"2019","0","ARGENTINA","87","UNITE POR LA LIBERTAD Y LA DIGNIDAD","#68bade"
"2019","0","ARGENTINA","13","MOVIMIENTO AL SOCIALISMO","#dc0c1a"
"2019","0","ARGENTINA","131","FRENTE NOS","#4985fd"
"2019","0","ARGENTINA","132","FRENTE PATRIOTA","#53b2e0"
"2019","0","ARGENTINA","133","FRENTE DE IZQUIERDA Y DE TRABAJADORES - UNIDAD","#ab2828"
"2019","0","ARGENTINA","135","JUNTOS POR EL CAMBIO","#fcd200"
"2019","0","ARGENTINA","136","FRENTE DE TODOS","#00a9e8"
"2019","0","ARGENTINA","137","CONSENSO FEDERAL","#29307c"
"2019","0","ARGENTINA","17-501","FRENTE DE TODOS","#00a9e8"
"2019","0","ARGENTINA","17-503","JUNTOS POR EL CAMBIO","#fcd200"
"2019","0","ARGENTINA","17-504","FRENTE DE IZQUIERDA Y DE TRABAJADORES - UNIDAD","#ab2828"
"2019","0","ARGENTINA","36","PARTIDO AUTONOMISTA","#f6243a"
"2019","0","ARGENTINA","87","UNITE POR LA LIBERTAD Y LA DIGNIDAD","#68bade"
"2019","0","ARGENTINA","13","MOVIMIENTO AL SOCIALISMO","#dc0c1a"
"2019","0","ARGENTINA","131","FRENTE NOS","#4985fd"
"2019","0","ARGENTINA","132","FRENTE PATRIOTA","#53b2e0"
"2019","0","ARGENTINA","133","FRENTE DE IZQUIERDA Y DE TRABAJADORES - UNIDAD","#ab2828"
"2019","0","ARGENTINA","135","JUNTOS POR EL CAMBIO","#fcd200"
"2019","0","ARGENTINA","136","FRENTE DE TODOS","#00a9e8"
"2019","0","ARGENTINA","137","CONSENSO FEDERAL","#29307c"
"2019","0","ARGENTINA","18-501","FRENTE DE TODOS","#00a9e8"
"2019","0","ARGENTINA","18-502","FRENTE DE IZQUIERDA Y DE TRABAJADORES - UNIDAD","#ab2828"
"2019","0","ARGENTINA","18-503","JUNTOS POR EL CAMBIO","#fcd200"
"2019","0","ARGENTINA","18-504","CONSENSO FEDERAL","#29307c"
"2019","0","ARGENTINA","36","PARTIDO AUTONOMISTA","#f6243a"
"2019","0","ARGENTINA","87","UNITE POR LA LIBERTAD Y LA DIGNIDAD","#68bade"
"2019","0","ARGENTINA","13","MOVIMIENTO AL SOCIALISMO","#dc0c1a"
"2019","0","ARGENTINA","131","FRENTE NOS","#4985fd"
"2019","0","ARGENTINA","132","FRENTE PATRIOTA","#53b2e0"
"2019","0","ARGENTINA","133","FRENTE DE IZQUIERDA Y DE TRABAJADORES - UNIDAD","#ab2828"
"2019","0","ARGENTINA","135","JUNTOS POR EL CAMBIO","#fcd200"
"2019","0","ARGENTINA","136","FRENTE DE TODOS","#00a9e8"
"2019","0","ARGENTINA","137","CONSENSO FEDERAL","#29307c"
"2019","0","ARGENTINA","19-213","MOVIMIENTO AL SOCIALISMO","#dc0c1a"
"2019","0","ARGENTINA","19-501","FRENTE DE IZQUIERDA Y DE TRABAJADORES - UNIDAD","#ab2828"
"2019","0","ARGENTINA","19-502","JUNTOS POR EL CAMBIO","#fcd200"
"2019","0","ARGENTINA","19-503","FRENTE DE TODOS","#00a9e8"
"2019","0","ARGENTINA","36","PARTIDO AUTONOMISTA","#f6243a"
"2019","0","ARGENTINA","87","UNITE POR LA LIBERTAD Y LA DIGNIDAD","#68bade"
"2019","0","ARGENTINA","13","MOVIMIENTO AL SOCIALISMO","#dc0c1a"
"2019","0","ARGENTINA","131","FRENTE NOS","#4985fd"
"2019","0","ARGENTINA","132","FRENTE PATRIOTA","#53b2e0"
"2019","0","ARGENTINA","133","FRENTE DE IZQUIERDA Y DE TRABAJADORES - UNIDAD","#ab2828"
"2019","0","ARGENTINA","135","JUNTOS POR EL CAMBIO","#fcd200"
"2019","0","ARGENTINA","136","FRENTE DE TODOS","#00a9e8"
"2019","0","ARGENTINA","137","CONSENSO FEDERAL","#29307c"
"2019","0","ARGENTINA","20-176","FRENTE RENOVADOR AUTENTICO","#0e3c60"
"2019","0","ARGENTINA","20-501","FRENTE DE IZQUIERDA Y DE TRABAJADORES - UNIDAD","#ab2828"
"2019","0","ARGENTINA","20-502","FRENTE DE TODOS","#00a9e8"
"2019","0","ARGENTINA","20-503","JUNTOS POR EL CAMBIO","#fcd200"
"2019","0","ARGENTINA","36","PARTIDO AUTONOMISTA","#f6243a"
"2019","0","ARGENTINA","87","UNITE POR LA LIBERTAD Y LA DIGNIDAD","#68bade"
"2019","0","ARGENTINA","13","MOVIMIENTO AL SOCIALISMO","#dc0c1a"
"2019","0","ARGENTINA","131","FRENTE NOS","#4985fd"
"2019","0","ARGENTINA","132","FRENTE PATRIOTA","#53b2e0"
"2019","0","ARGENTINA","133","FRENTE DE IZQUIERDA Y DE TRABAJADORES - UNIDAD","#ab2828"
"2019","0","ARGENTINA","135","JUNTOS POR EL CAMBIO","#fcd200"
"2019","0","ARGENTINA","136","FRENTE DE TODOS","#00a9e8"
"2019","0","ARGENTINA","137","CONSENSO FEDERAL","#29307c"
"2019","0","ARGENTINA","21-501","FRENTE NOS","#4985fd"
"2019","0","ARGENTINA","21-502","CONSENSO FEDERAL","#29307c"
"2019","0","ARGENTINA","21-503","FRENTE DE IZQUIERDA Y DE TRABAJADORES - UNIDAD","#ab2828"
"2019","0","ARGENTINA","21-504","JUNTOS POR EL CAMBIO","#fcd200"
"2019","0","ARGENTINA","21-505","FRENTE DE TODOS","#00a9e8"
"2019","0","ARGENTINA","36","PARTIDO AUTONOMISTA","#f6243a"
"2019","0","ARGENTINA","87","UNITE POR LA LIBERTAD Y LA DIGNIDAD","#68bade"
"2019","0","ARGENTINA","13","MOVIMIENTO AL SOCIALISMO","#dc0c1a"
"2019","0","ARGENTINA","131","FRENTE NOS","#4985fd"
"2019","0","ARGENTINA","132","FRENTE PATRIOTA","#53b2e0"
"2019","0","ARGENTINA","133","FRENTE DE IZQUIERDA Y DE TRABAJADORES - UNIDAD","#ab2828"
"2019","0","ARGENTINA","135","JUNTOS POR EL CAMBIO","#fcd200"
"2019","0","ARGENTINA","136","FRENTE DE TODOS","#00a9e8"
"2019","0","ARGENTINA","137","CONSENSO FEDERAL","#29307c"
"2019","0","ARGENTINA","22-179","PARTIDO DIGNIDAD POPULAR","#90b2dc"
"2019","0","ARGENTINA","22-502","FRENTE DE TODOS","#00a9e8"
"2019","0","ARGENTINA","22-503","JUNTOS POR EL CAMBIO","#fcd200"
"2019","0","ARGENTINA","36","PARTIDO AUTONOMISTA","#f6243a"
"2019","0","ARGENTINA","87","UNITE POR LA LIBERTAD Y LA DIGNIDAD","#68bade"
"2019","0","ARGENTINA","13","MOVIMIENTO AL SOCIALISMO","#dc0c1a"
"2019","0","ARGENTINA","131","FRENTE NOS","#4985fd"
"2019","0","ARGENTINA","132","FRENTE PATRIOTA","#53b2e0"
"2019","0","ARGENTINA","133","FRENTE DE IZQUIERDA Y DE TRABAJADORES - UNIDAD","#ab2828"
"2019","0","ARGENTINA","135","JUNTOS POR EL CAMBIO","#fcd200"
"2019","0","ARGENTINA","136","FRENTE DE TODOS","#00a9e8"
"2019","0","ARGENTINA","137","CONSENSO FEDERAL","#29307c"
"2019","0","ARGENTINA","23-501","FRENTE DE TODOS","#00a9e8"
"2019","0","ARGENTINA","23-502","JUNTOS POR EL CAMBIO","#fcd200"
"2019","0","ARGENTINA","23-503","FRENTE DE IZQUIERDA Y DE TRABAJADORES - UNIDAD","#ab2828"
"2019","0","ARGENTINA","23-504","CONSENSO FEDERAL","#29307c"
"2019","0","ARGENTINA","36","PARTIDO AUTONOMISTA","#f6243a"
"2019","0","ARGENTINA","87","UNITE POR LA LIBERTAD Y LA DIGNIDAD","#68bade"
"2019","0","ARGENTINA","13","MOVIMIENTO AL SOCIALISMO","#dc0c1a"
"2019","0","ARGENTINA","131","FRENTE NOS","#4985fd"
"2019","0","ARGENTINA","132","FRENTE PATRIOTA","#53b2e0"
"2019","0","ARGENTINA","133","FRENTE DE IZQUIERDA Y DE TRABAJADORES - UNIDAD","#ab2828"
"2019","0","ARGENTINA","135","JUNTOS POR EL CAMBIO","#fcd200"
"2019","0","ARGENTINA","136","FRENTE DE TODOS","#00a9e8"
"2019","0","ARGENTINA","137","CONSENSO FEDERAL","#29307c"
"2019","0","ARGENTINA","24-501","FRENTE DE TODOS","#00a9e8"
"2019","0","ARGENTINA","24-502","JUNTOS POR EL CAMBIO","#fcd200"
"2019","0","ARGENTINA","36","PARTIDO AUTONOMISTA","#f6243a"
"2019","0","ARGENTINA","87","UNITE POR LA LIBERTAD Y LA DIGNIDAD","#68bade"
